iteration_index,x,y
0,37.2056,57.0329
0,36.019446388944836,55.435110587996114
0,30.864093501010508,56.881106946431125
0,24.935447875465,55.258161295295686
0,20.050540379737225,52.56632542354097
0,14.030687944419608,50.41438752973201
0,8.918886891293903,51.52667245510722
0,36.01944638894483,55.435110587996114
0,33.68031852849572,60.68616801716169
0,28.006573578125142,60.53138341923374
0,23.09164499207895,58.8535587098447
0,17.88211404221961,55.86427394886099
0,13.160583154630261,54.426509502719355
0,8.379007466050762,57.74748672831831
1,34.8499,58.0606
1,30.864093501010508,56.881106946431125
1,24.935447875465,55.258161295295686
1,20.050540379737225,52.56632542354097
1,14.030687944419608,50.41438752973201
1,8.918886891293903,51.52667245510722
1,33.68031852849572,60.68616801716169
1,28.006573578125142,60.53138341923374
1,23.09164499207895,58.8535587098447
1,17.88211404221961,55.86427394886099
1,13.160583154630261,54.426509502719355
1,8.379007466050762,57.74748672831831
1,5.937868833409927,62.76308436697503
2,32.2722,58.7836
2,30.864093501010508,56.881106946431125
2,24.935447875465,55.258161295295686
2,20.050540379737225,52.56632542354097
2,14.030687944419608,50.41438752973201
2,8.918886891293903,51.52667245510722
2,4.55008983723565,56.3885733864159
2,28.006573578125142,60.53138341923374
2,23.09164499207895,58.8535587098447
2,17.88211404221961,55.86427394886099
2,13.160583154630261,54.426509502719355
2,8.379007466050762,57.74748672831831
2,5.937868833409927,62.76308436697503
2,4.977015882608721,66.99850284618174
2,6.270315407325521,72.91961862397865
2,8.716007772612286,76.63566758957242
2,13.294711802399886,81.17511801634865
2,17.424564325867312,84.57401885130966
3,29.4353,58.7062
3,24.935447875465,55.258161295295686
3,20.050540379737225,52.56632542354097
3,14.030687944419608,50.41438752973201
3,8.918886891293903,51.52667245510722
3,4.55008983723565,56.3885733864159
3,1.9873372669283098,61.93950578986785
3,1.0084372244180189,66.40964683730903
3,28.006573578125142,60.53138341923374
3,23.09164499207895,58.8535587098447
3,17.88211404221961,55.86427394886099
3,13.160583154630261,54.426509502719355
3,8.379007466050762,57.74748672831831
3,5.937868833409927,62.76308436697503
3,4.977015882608721,66.99850284618174
3,6.270315407325521,72.91961862397865
3,8.716007772612286,76.63566758957242
3,13.294711802399886,81.17511801634865
3,17.424564325867312,84.57401885130966
4,26.471,57.8948
4,24.935447875465,55.258161295295686
4,20.050540379737225,52.56632542354097
4,14.030687944419608,50.41438752973201
4,8.918886891293903,51.52667245510722
4,4.55008983723565,56.3885733864159
4,1.9873372669283098,61.93950578986785
4,1.0084372244180189,66.40964683730903
4,1.938320939334915,72.83677054975198
4,4.072896508577067,77.09622890654896
4,23.09164499207895,58.8535587098447
4,17.88211404221961,55.86427394886099
4,13.160583154630261,54.426509502719355
4,8.379007466050762,57.74748672831831
4,5.937868833409927,62.76308436697503
4,4.977015882608721,66.99850284618174
4,6.270315407325521,72.91961862397865
4,8.716007772612286,76.63566758957242
4,13.294711802399886,81.17511801634865
5,24.0135,57.0559
5,24.935447875465,55.258161295295686
5,20.050540379737225,52.56632542354097
5,14.030687944419608,50.41438752973201
5,8.918886891293903,51.52667245510722
5,4.55008983723565,56.3885733864159
5,1.9873372669283098,61.93950578986785
5,1.0084372244180189,66.40964683730903
5,1.938320939334915,72.83677054975198
5,4.072896508577067,77.09622890654896
5,8.571877572871953,82.36400057842843
5,17.88211404221961,55.86427394886099
5,13.160583154630261,54.426509502719355
5,8.379007466050762,57.74748672831831
5,5.937868833409927,62.76308436697503
5,4.977015882608721,66.99850284618174
5,6.270315407325521,72.91961862397865
5,8.716007772612286,76.63566758957242
6,21.5711,55.7099
6,20.050540379737225,52.56632542354097
6,14.030687944419608,50.41438752973201
6,8.918886891293903,51.52667245510722
6,4.55008983723565,56.3885733864159
6,1.9873372669283098,61.93950578986785
6,1.0084372244180189,66.40964683730903
6,1.938320939334915,72.83677054975198
6,4.072896508577067,77.09622890654896
6,17.88211404221961,55.86427394886099
6,13.160583154630261,54.426509502719355
6,8.379007466050762,57.74748672831831
6,5.937868833409927,62.76308436697503
6,4.977015882608721,66.99850284618174
6,6.270315407325521,72.91961862397865
6,8.716007772612286,76.63566758957242
7,18.9663,54.2153
7,14.030687944419608,50.41438752973201
7,8.918886891293903,51.52667245510722
7,4.55008983723565,56.3885733864159
7,1.9873372669283098,61.93950578986785
7,1.0084372244180189,66.40964683730903
7,1.938320939334915,72.83677054975198
7,4.072896508577067,77.09622890654896
7,17.88211404221961,55.86427394886099
7,13.160583154630261,54.426509502719355
7,8.379007466050762,57.74748672831831
7,5.937868833409927,62.76308436697503
7,4.977015882608721,66.99850284618174
7,6.270315407325521,72.91961862397865
7,8.716007772612286,76.63566758957242
8,15.9564,53.1393
8,14.030687944419608,50.41438752973201
8,8.918886891293903,51.52667245510722
8,4.55008983723565,56.3885733864159
8,1.9873372669283098,61.93950578986785
8,1.0084372244180189,66.40964683730903
8,1.938320939334915,72.83677054975198
8,4.072896508577067,77.09622890654896
8,13.160583154630261,54.426509502719355
8,8.379007466050762,57.74748672831831
8,5.937868833409927,62.76308436697503
8,4.977015882608721,66.99850284618174
8,6.270315407325521,72.91961862397865
8,8.716007772612286,76.63566758957242
9,13.5956,52.4204
9,8.918886891293903,51.52667245510722
9,4.55008983723565,56.3885733864159
9,1.9873372669283098,61.93950578986785
9,1.0084372244180189,66.40964683730903
9,1.938320939334915,72.83677054975198
9,4.072896508577067,77.09622890654896
9,13.160583154630261,54.426509502719355
9,8.379007466050762,57.74748672831831
9,5.937868833409927,62.76308436697503
9,4.977015882608721,66.99850284618174
9,6.270315407325521,72.91961862397865
9,8.716007772612286,76.63566758957242
9,13.294711802399886,81.17511801634865
10,11.0397,52.9766
10,8.918886891293903,51.52667245510722
10,4.55008983723565,56.3885733864159
10,1.9873372669283098,61.93950578986785
10,1.0084372244180189,66.40964683730903
10,1.938320939334915,72.83677054975198
10,4.072896508577067,77.09622890654896
10,8.571877572871953,82.36400057842843
10,8.379007466050762,57.74748672831831
10,5.937868833409927,62.76308436697503
10,4.977015882608721,66.99850284618174
10,6.270315407325521,72.91961862397865
10,8.716007772612286,76.63566758957242
10,13.294711802399886,81.17511801634865
11,8.6489,54.6371
11,4.55008983723565,56.3885733864159
11,1.9873372669283098,61.93950578986785
11,1.0084372244180189,66.40964683730903
11,1.938320939334915,72.83677054975198
11,4.072896508577067,77.09622890654896
11,8.571877572871953,82.36400057842843
11,8.379007466050762,57.74748672831831
11,5.937868833409927,62.76308436697503
11,4.977015882608721,66.99850284618174
11,6.270315407325521,72.91961862397865
11,8.716007772612286,76.63566758957242
11,13.294711802399886,81.17511801634865
12,6.4645,57.068
12,4.55008983723565,56.3885733864159
12,1.9873372669283098,61.93950578986785
12,1.0084372244180189,66.40964683730903
12,1.938320939334915,72.83677054975198
12,4.072896508577067,77.09622890654896
12,8.571877572871953,82.36400057842843
12,12.961806283209887,86.07785959363035
12,5.937868833409927,62.76308436697503
12,4.977015882608721,66.99850284618174
12,6.270315407325521,72.91961862397865
12,8.716007772612286,76.63566758957242
12,13.294711802399886,81.17511801634865
12,17.424564325867312,84.57401885130966
13,5.244,59.5758
13,1.9873372669283098,61.93950578986785
13,1.0084372244180189,66.40964683730903
13,1.938320939334915,72.83677054975198
13,4.072896508577067,77.09622890654896
13,8.571877572871953,82.36400057842843
13,12.961806283209887,86.07785959363035
13,5.937868833409927,62.76308436697503
13,4.977015882608721,66.99850284618174
13,6.270315407325521,72.91961862397865
13,8.716007772612286,76.63566758957242
13,13.294711802399886,81.17511801634865
13,17.424564325867312,84.57401885130966
14,3.9626,62.3513
14,1.9873372669283098,61.93950578986785
14,1.0084372244180189,66.40964683730903
14,1.938320939334915,72.83677054975198
14,4.072896508577067,77.09622890654896
14,8.571877572871953,82.36400057842843
14,12.961806283209887,86.07785959363035
14,4.977015882608721,66.99850284618174
14,6.270315407325521,72.91961862397865
14,8.716007772612286,76.63566758957242
14,13.294711802399886,81.17511801634865
14,17.424564325867312,84.57401885130966
15,3.4822,64.469
15,1.0084372244180189,66.40964683730903
15,1.938320939334915,72.83677054975198
15,4.072896508577067,77.09622890654896
15,8.571877572871953,82.36400057842843
15,12.961806283209887,86.07785959363035
15,17.434731456386114,89.73652284942996
15,4.977015882608721,66.99850284618174
15,6.270315407325521,72.91961862397865
15,8.716007772612286,76.63566758957242
15,13.294711802399886,81.17511801634865
15,17.424564325867312,84.57401885130966
15,21.55499930581325,87.9957661887463
16,2.9927,66.7041
16,1.938320939334915,72.83677054975198
16,4.072896508577067,77.09622890654896
16,8.571877572871953,82.36400057842843
16,12.961806283209887,86.07785959363035
16,17.434731456386114,89.73652284942996
16,4.977015882608721,66.99850284618174
16,6.270315407325521,72.91961862397865
16,8.716007772612286,76.63566758957242
16,13.294711802399886,81.17511801634865
16,17.424564325867312,84.57401885130966
16,21.55499930581325,87.9957661887463
17,3.4577,69.9176
17,1.938320939334915,72.83677054975198
17,4.072896508577067,77.09622890654896
17,8.571877572871953,82.36400057842843
17,12.961806283209887,86.07785959363035
17,17.434731456386114,89.73652284942996
17,6.270315407325521,72.91961862397865
17,8.716007772612286,76.63566758957242
17,13.294711802399886,81.17511801634865
17,17.424564325867312,84.57401885130966
17,21.55499930581325,87.9957661887463
18,4.1043,72.8782
18,4.072896508577067,77.09622890654896
18,8.571877572871953,82.36400057842843
18,12.961806283209887,86.07785959363035
18,17.434731456386114,89.73652284942996
18,22.46062840798511,93.94228249543792
18,6.270315407325521,72.91961862397865
18,8.716007772612286,76.63566758957242
18,13.294711802399886,81.17511801634865
18,17.424564325867312,84.57401885130966
18,21.55499930581325,87.9957661887463
18,26.253937590659486,91.8883922154255
19,5.1716,75.0079
19,4.072896508577067,77.09622890654896
19,8.571877572871953,82.36400057842843
19,12.961806283209887,86.07785959363035
19,17.434731456386114,89.73652284942996
19,22.46062840798511,93.94228249543792
19,28.006573578125142,60.53138341923374
19,8.716007772612286,76.63566758957242
19,13.294711802399886,81.17511801634865
19,17.424564325867312,84.57401885130966
19,21.55499930581325,87.9957661887463
19,26.253937590659486,91.8883922154255
20,6.3945,76.8659
20,8.571877572871953,82.36400057842843
20,12.961806283209887,86.07785959363035
20,17.434731456386114,89.73652284942996
20,22.46062840798511,93.94228249543792
20,26.262450567090347,97.06978228616235
20,28.006573578125142,60.53138341923374
20,8.716007772612286,76.63566758957242
20,13.294711802399886,81.17511801634865
20,17.424564325867312,84.57401885130966
20,21.55499930581325,87.9957661887463
20,26.253937590659486,91.8883922154255
20,29.831878434378787,94.77450569938031
21,8.6439,79.4998
21,8.571877572871953,82.36400057842843
21,12.961806283209887,86.07785959363035
21,17.434731456386114,89.73652284942996
21,22.46062840798511,93.94228249543792
21,26.262450567090347,97.06978228616235
21,28.006573578125142,60.53138341923374
21,13.294711802399886,81.17511801634865
21,17.424564325867312,84.57401885130966
21,21.55499930581325,87.9957661887463
21,26.253937590659486,91.8883922154255
21,29.831878434378787,94.77450569938031
22,10.9333,81.7696
22,12.961806283209887,86.07785959363035
22,17.434731456386114,89.73652284942996
22,22.46062840798511,93.94228249543792
22,26.262450567090347,97.06978228616235
22,30.766808527202066,100.58978855170298
22,13.294711802399886,81.17511801634865
22,17.424564325867312,84.57401885130966
22,21.55499930581325,87.9957661887463
22,26.253937590659486,91.8883922154255
22,29.831878434378787,94.77450569938031
22,34.075375656512975,98.03536485273911
23,13.1283,83.6265
23,12.961806283209887,86.07785959363035
23,17.434731456386114,89.73652284942996
23,22.46062840798511,93.94228249543792
23,26.262450567090347,97.06978228616235
23,30.766808527202066,100.58978855170298
23,17.424564325867312,84.57401885130966
23,21.55499930581325,87.9957661887463
23,26.253937590659486,91.8883922154255
23,29.831878434378787,94.77450569938031
23,34.075375656512975,98.03536485273911
24,15.1932,85.3259
24,17.434731456386114,89.73652284942996
24,22.46062840798511,93.94228249543792
24,26.262450567090347,97.06978228616235
24,30.766808527202066,100.58978855170298
24,35.6102943771178,104.02321382284053
24,17.424564325867312,84.57401885130966
24,21.55499930581325,87.9957661887463
24,26.253937590659486,91.8883922154255
24,29.831878434378787,94.77450569938031
24,34.075375656512975,98.03536485273911
24,38.62088361257148,101.21551615324996
25,17.4296,87.1553
25,17.434731456386114,89.73652284942996
25,22.46062840798511,93.94228249543792
25,26.262450567090347,97.06978228616235
25,30.766808527202066,100.58978855170298
25,35.6102943771178,104.02321382284053
25,21.55499930581325,87.9957661887463
25,26.253937590659486,91.8883922154255
25,29.831878434378787,94.77450569938031
25,34.075375656512975,98.03536485273911
25,38.62088361257148,101.21551615324996
26,19.4949,88.8661
26,22.46062840798511,93.94228249543792
26,26.262450567090347,97.06978228616235
26,30.766808527202066,100.58978855170298
26,35.6102943771178,104.02321382284053
26,41.05181532519636,107.19105169729086
26,21.55499930581325,87.9957661887463
26,26.253937590659486,91.8883922154255
26,29.831878434378787,94.77450569938031
26,34.075375656512975,98.03536485273911
26,38.62088361257148,101.21551615324996
26,43.71506289212864,104.0671036330858
27,22.0078,90.969
27,22.46062840798511,93.94228249543792
27,26.262450567090347,97.06978228616235
27,30.766808527202066,100.58978855170298
27,35.6102943771178,104.02321382284053
27,41.05181532519636,107.19105169729086
27,26.253937590659486,91.8883922154255
27,29.831878434378787,94.77450569938031
27,34.075375656512975,98.03536485273911
27,38.62088361257148,101.21551615324996
27,43.71506289212864,104.0671036330858
28,24.3573,92.9153
28,26.262450567090347,97.06978228616235
28,30.766808527202066,100.58978855170298
28,35.6102943771178,104.02321382284053
28,41.05181532519636,107.19105169729086
28,46.27459847406805,109.3066810003091
28,26.253937590659486,91.8883922154255
28,29.831878434378787,94.77450569938031
28,34.075375656512975,98.03536485273911
28,38.62088361257148,101.21551615324996
28,43.71506289212864,104.0671036330858
28,48.61628660381134,105.81671963725844
29,26.2582,94.4791
29,26.262450567090347,97.06978228616235
29,30.766808527202066,100.58978855170298
29,35.6102943771178,104.02321382284053
29,41.05181532519636,107.19105169729086
29,46.27459847406805,109.3066810003091
29,29.831878434378787,94.77450569938031
29,34.075375656512975,98.03536485273911
29,38.62088361257148,101.21551615324996
29,43.71506289212864,104.0671036330858
29,48.61628660381134,105.81671963725844
30,28.0472,95.9221
30,30.766808527202066,100.58978855170298
30,35.6102943771178,104.02321382284053
30,41.05181532519636,107.19105169729086
30,46.27459847406805,109.3066810003091
30,52.089322630845345,110.37849523304843
30,29.831878434378787,94.77450569938031
30,34.075375656512975,98.03536485273911
30,38.62088361257148,101.21551615324996
30,43.71506289212864,104.0671036330858
30,48.61628660381134,105.81671963725844
30,54.108494130897306,106.38262068453633
31,30.2993,97.6821
31,30.766808527202066,100.58978855170298
31,35.6102943771178,104.02321382284053
31,41.05181532519636,107.19105169729086
31,46.27459847406805,109.3066810003091
31,52.089322630845345,110.37849523304843
31,34.075375656512975,98.03536485273911
31,38.62088361257148,101.21551615324996
31,43.71506289212864,104.0671036330858
31,48.61628660381134,105.81671963725844
31,54.108494130897306,106.38262068453633
32,32.4211,99.3126
32,35.6102943771178,104.02321382284053
32,41.05181532519636,107.19105169729086
32,46.27459847406805,109.3066810003091
32,52.089322630845345,110.37849523304843
32,58.334360157523214,109.94630465078225
32,34.075375656512975,98.03536485273911
32,38.62088361257148,101.21551615324996
32,43.71506289212864,104.0671036330858
32,48.61628660381134,105.81671963725844
32,54.108494130897306,106.38262068453633
32,59.989082908421835,105.51706220636967
33,34.8428,101.0293
33,35.6102943771178,104.02321382284053
33,41.05181532519636,107.19105169729086
33,46.27459847406805,109.3066810003091
33,52.089322630845345,110.37849523304843
33,58.334360157523214,109.94630465078225
33,38.62088361257148,101.21551615324996
33,43.71506289212864,104.0671036330858
33,48.61628660381134,105.81671963725844
33,54.108494130897306,106.38262068453633
33,59.989082908421835,105.51706220636967
34,37.1156,102.6194
34,41.05181532519636,107.19105169729086
34,46.27459847406805,109.3066810003091
34,52.089322630845345,110.37849523304843
34,58.334360157523214,109.94630465078225
34,63.90529476602812,108.65640274261617
34,38.62088361257148,101.21551615324996
34,43.71506289212864,104.0671036330858
34,48.61628660381134,105.81671963725844
34,54.108494130897306,106.38262068453633
34,59.989082908421835,105.51706220636967
34,65.11366611792783,104.16058019946307
35,39.8363,104.2033
35,41.05181532519636,107.19105169729086
35,46.27459847406805,109.3066810003091
35,52.089322630845345,110.37849523304843
35,58.334360157523214,109.94630465078225
35,63.90529476602812,108.65640274261617
35,68.98215586576231,107.15111675432001
35,43.71506289212864,104.0671036330858
35,48.61628660381134,105.81671963725844
35,54.108494130897306,106.38262068453633
35,59.989082908421835,105.51706220636967
35,65.11366611792783,104.16058019946307
35,69.6586639558316,102.68793625543762
36,42.3834,105.6291
36,46.27459847406805,109.3066810003091
36,52.089322630845345,110.37849523304843
36,58.334360157523214,109.94630465078225
36,63.90529476602812,108.65640274261617
36,68.98215586576231,107.15111675432001
36,43.71506289212864,104.0671036330858
36,48.61628660381134,105.81671963725844
36,54.108494130897306,106.38262068453633
36,59.989082908421835,105.51706220636967
36,65.11366611792783,104.16058019946307
36,69.6586639558316,102.68793625543762
37,44.9948,106.6869
37,46.27459847406805,109.3066810003091
37,52.089322630845345,110.37849523304843
37,58.334360157523214,109.94630465078225
37,63.90529476602812,108.65640274261617
37,68.98215586576231,107.15111675432001
37,74.71673339362259,104.58946650566864
37,48.61628660381134,105.81671963725844
37,54.108494130897306,106.38262068453633
37,59.989082908421835,105.51706220636967
37,65.11366611792783,104.16058019946307
37,69.6586639558316,102.68793625543762
38,47.4454,107.5617
38,52.089322630845345,110.37849523304843
38,58.334360157523214,109.94630465078225
38,63.90529476602812,108.65640274261617
38,68.98215586576231,107.15111675432001
38,74.71673339362259,104.58946650566864
38,48.61628660381134,105.81671963725844
38,54.108494130897306,106.38262068453633
38,59.989082908421835,105.51706220636967
38,65.11366611792783,104.16058019946307
38,69.6586639558316,102.68793625543762
38,74.80647977765503,99.54595990679303
39,50.3528,108.0976
39,52.089322630845345,110.37849523304843
39,58.334360157523214,109.94630465078225
39,63.90529476602812,108.65640274261617
39,68.98215586576231,107.15111675432001
39,74.71673339362259,104.58946650566864
39,79.30417997845011,100.2831516034237
39,54.108494130897306,106.38262068453633
39,59.989082908421835,105.51706220636967
39,65.11366611792783,104.16058019946307
39,69.6586639558316,102.68793625543762
39,74.80647977765503,99.54595990679303
39,76.48836702797506,94.41729434896037
40,53.0989,108.3806
40,58.334360157523214,109.94630465078225
40,63.90529476602812,108.65640274261617
40,68.98215586576231,107.15111675432001
40,74.71673339362259,104.58946650566864
40,79.30417997845011,100.2831516034237
40,54.108494130897306,106.38262068453633
40,59.989082908421835,105.51706220636967
40,65.11366611792783,104.16058019946307
40,69.6586639558316,102.68793625543762
40,74.80647977765503,99.54595990679303
40,76.48836702797506,94.41729434896037
40,75.75064258301146,89.64988037120625
41,56.2214,108.1645
41,58.334360157523214,109.94630465078225
41,63.90529476602812,108.65640274261617
41,68.98215586576231,107.15111675432001
41,74.71673339362259,104.58946650566864
41,79.30417997845011,100.2831516034237
41,80.65560364118808,95.67860993019828
41,59.989082908421835,105.51706220636967
41,65.11366611792783,104.16058019946307
41,69.6586639558316,102.68793625543762
41,74.80647977765503,99.54595990679303
41,76.48836702797506,94.41729434896037
41,75.75064258301146,89.64988037120625
42,59.1617,107.7317
42,63.90529476602812,108.65640274261617
42,68.98215586576231,107.15111675432001
42,74.71673339362259,104.58946650566864
42,79.30417997845011,100.2831516034237
42,80.65560364118808,95.67860993019828
42,79.75141501050315,88.80236507691492
42,59.989082908421835,105.51706220636967
42,65.11366611792783,104.16058019946307
42,69.6586639558316,102.68793625543762
42,74.80647977765503,99.54595990679303
42,76.48836702797506,94.41729434896037
42,75.75064258301146,89.64988037120625
42,76.61799792836987,83.47331291458968
43,61.9472,107.0867
43,63.90529476602812,108.65640274261617
43,68.98215586576231,107.15111675432001
43,74.71673339362259,104.58946650566864
43,79.30417997845011,100.2831516034237
43,80.65560364118808,95.67860993019828
43,79.75141501050315,88.80236507691492
43,65.11366611792783,104.16058019946307
43,69.6586639558316,102.68793625543762
43,74.80647977765503,99.54595990679303
43,76.48836702797506,94.41729434896037
43,75.75064258301146,89.64988037120625
43,76.61799792836987,83.47331291458968
44,64.5095,106.4085
44,68.98215586576231,107.15111675432001
44,74.71673339362259,104.58946650566864
44,79.30417997845011,100.2831516034237
44,80.65560364118808,95.67860993019828
44,79.75141501050315,88.80236507691492
44,80.93407442922343,83.47458004923493
44,65.11366611792783,104.16058019946307
44,69.6586639558316,102.68793625543762
44,74.80647977765503,99.54595990679303
44,76.48836702797506,94.41729434896037
44,75.75064258301146,89.64988037120625
44,76.61799792836987,83.47331291458968
45,67.0479,105.6558
45,68.98215586576231,107.15111675432001
45,74.71673339362259,104.58946650566864
45,79.30417997845011,100.2831516034237
45,80.65560364118808,95.67860993019828
45,79.75141501050315,88.80236507691492
45,80.93407442922343,83.47458004923493
45,69.6586639558316,102.68793625543762
45,74.80647977765503,99.54595990679303
45,76.48836702797506,94.41729434896037
45,75.75064258301146,89.64988037120625
45,76.61799792836987,83.47331291458968
45,79.32600080931553,79.10468841038752
46,69.3204,104.9195
46,74.71673339362259,104.58946650566864
46,79.30417997845011,100.2831516034237
46,80.65560364118808,95.67860993019828
46,79.75141501050315,88.80236507691492
46,80.93407442922343,83.47458004923493
46,84.98066291427033,80.10606707971658
46,69.6586639558316,102.68793625543762
46,74.80647977765503,99.54595990679303
46,76.48836702797506,94.41729434896037
46,75.75064258301146,89.64988037120625
46,76.61799792836987,83.47331291458968
46,79.32600080931553,79.10468841038752
47,72.1877,103.6387
47,74.71673339362259,104.58946650566864
47,79.30417997845011,100.2831516034237
47,80.65560364118808,95.67860993019828
47,79.75141501050315,88.80236507691492
47,80.93407442922343,83.47458004923493
47,84.98066291427033,80.10606707971658
47,74.80647977765503,99.54595990679303
47,76.48836702797506,94.41729434896037
47,75.75064258301146,89.64988037120625
47,76.61799792836987,83.47331291458968
47,79.32600080931553,79.10468841038752
47,83.36742066799269,76.34895575650079
48,74.7616,102.0677
48,79.30417997845011,100.2831516034237
48,80.65560364118808,95.67860993019828
48,79.75141501050315,88.80236507691492
48,80.93407442922343,83.47458004923493
48,84.98066291427033,80.10606707971658
48,91.12579772888759,80.36351439953232
48,74.80647977765503,99.54595990679303
48,76.48836702797506,94.41729434896037
48,75.75064258301146,89.64988037120625
48,76.61799792836987,83.47331291458968
48,79.32600080931553,79.10468841038752
48,83.36742066799269,76.34895575650079
49,77.0553,99.9146
49,79.30417997845011,100.2831516034237
49,80.65560364118808,95.67860993019828
49,79.75141501050315,88.80236507691492
49,80.93407442922343,83.47458004923493
49,84.98066291427033,80.10606707971658
49,91.12579772888759,80.36351439953232
49,96.63929162083917,81.43382095396038
49,76.48836702797506,94.41729434896037
49,75.75064258301146,89.64988037120625
49,76.61799792836987,83.47331291458968
49,79.32600080931553,79.10468841038752
49,83.36742066799269,76.34895575650079
49,89.24345763079036,75.75101919005085
49,94.39138961416465,77.16683638982525
50,77.8963,97.3502
50,80.65560364118808,95.67860993019828
50,79.75141501050315,88.80236507691492
50,80.93407442922343,83.47458004923493
50,84.98066291427033,80.10606707971658
50,91.12579772888759,80.36351439953232
50,96.63929162083917,81.43382095396038
50,76.48836702797506,94.41729434896037
50,75.75064258301146,89.64988037120625
50,76.61799792836987,83.47331291458968
50,79.32600080931553,79.10468841038752
50,83.36742066799269,76.34895575650079
50,89.24345763079036,75.75101919005085
50,94.39138961416465,77.16683638982525
51,78.572,95.048
51,79.75141501050315,88.80236507691492
51,80.93407442922343,83.47458004923493
51,84.98066291427033,80.10606707971658
51,91.12579772888759,80.36351439953232
51,96.63929162083917,81.43382095396038
51,101.92455367048892,79.24912796727114
51,76.48836702797506,94.41729434896037
51,75.75064258301146,89.64988037120625
51,76.61799792836987,83.47331291458968
51,79.32600080931553,79.10468841038752
51,83.36742066799269,76.34895575650079
51,89.24345763079036,75.75101919005085
51,94.39138961416465,77.16683638982525
51,99.28608705552898,76.17508583337901
52,78.2031,92.6642
52,79.75141501050315,88.80236507691492
52,80.93407442922343,83.47458004923493
52,84.98066291427033,80.10606707971658
52,91.12579772888759,80.36351439953232
52,96.63929162083917,81.43382095396038
52,101.92455367048892,79.24912796727114
52,75.75064258301146,89.64988037120625
52,76.61799792836987,83.47331291458968
52,79.32600080931553,79.10468841038752
52,83.36742066799269,76.34895575650079
52,89.24345763079036,75.75101919005085
52,94.39138961416465,77.16683638982525
52,99.28608705552898,76.17508583337901
53,77.751,89.2261
53,79.75141501050315,88.80236507691492
53,80.93407442922343,83.47458004923493
53,84.98066291427033,80.10606707971658
53,91.12579772888759,80.36351439953232
53,96.63929162083917,81.43382095396038
53,101.92455367048892,79.24912796727114
53,76.61799792836987,83.47331291458968
53,79.32600080931553,79.10468841038752
53,83.36742066799269,76.34895575650079
53,89.24345763079036,75.75101919005085
53,94.39138961416465,77.16683638982525
53,99.28608705552898,76.17508583337901
54,78.1847,86.1378
54,80.93407442922343,83.47458004923493
54,84.98066291427033,80.10606707971658
54,91.12579772888759,80.36351439953232
54,96.63929162083917,81.43382095396038
54,101.92455367048892,79.24912796727114
54,105.72156699551897,74.61654048536064
54,76.61799792836987,83.47331291458968
54,79.32600080931553,79.10468841038752
54,83.36742066799269,76.34895575650079
54,89.24345763079036,75.75101919005085
54,94.39138961416465,77.16683638982525
54,99.28608705552898,76.17508583337901
54,102.87720823362903,71.7938295695692
55,78.776,83.4739
55,80.93407442922343,83.47458004923493
55,84.98066291427033,80.10606707971658
55,91.12579772888759,80.36351439953232
55,96.63929162083917,81.43382095396038
55,101.92455367048892,79.24912796727114
55,105.72156699551897,74.61654048536064
55,79.32600080931553,79.10468841038752
55,83.36742066799269,76.34895575650079
55,89.24345763079036,75.75101919005085
55,94.39138961416465,77.16683638982525
55,99.28608705552898,76.17508583337901
55,102.87720823362903,71.7938295695692
56,80.13,81.2896
56,84.98066291427033,80.10606707971658
56,91.12579772888759,80.36351439953232
56,96.63929162083917,81.43382095396038
56,101.92455367048892,79.24912796727114
56,105.72156699551897,74.61654048536064
56,79.32600080931553,79.10468841038752
56,83.36742066799269,76.34895575650079
56,89.24345763079036,75.75101919005085
56,94.39138961416465,77.16683638982525
56,99.28608705552898,76.17508583337901
56,102.87720823362903,71.7938295695692
56,105.73776716878557,67.16495850563285
57,82.1533,79.6054
57,84.98066291427033,80.10606707971658
57,91.12579772888759,80.36351439953232
57,96.63929162083917,81.43382095396038
57,101.92455367048892,79.24912796727114
57,105.72156699551897,74.61654048536064
57,108.90598845136844,69.68507162648017
57,83.36742066799269,76.34895575650079
57,89.24345763079036,75.75101919005085
57,94.39138961416465,77.16683638982525
57,99.28608705552898,76.17508583337901
57,102.87720823362903,71.7938295695692
57,105.73776716878557,67.16495850563285
58,84.174,78.2275
58,84.98066291427033,80.10606707971658
58,91.12579772888759,80.36351439953232
58,96.63929162083917,81.43382095396038
58,101.92455367048892,79.24912796727114
58,105.72156699551897,74.61654048536064
58,108.90598845136844,69.68507162648017
58,89.24345763079036,75.75101919005085
58,94.39138961416465,77.16683638982525
58,99.28608705552898,76.17508583337901
58,102.87720823362903,71.7938295695692
58,105.73776716878557,67.16495850563285
58,108.50494792532652,62.61601457166789
59,87.1121,77.9285
59,91.12579772888759,80.36351439953232
59,96.63929162083917,81.43382095396038
59,101.92455367048892,79.24912796727114
59,105.72156699551897,74.61654048536064
59,108.90598845136844,69.68507162648017
59,111.88425747662036,64.80156424897996
59,89.24345763079036,75.75101919005085
59,94.39138961416465,77.16683638982525
59,99.28608705552898,76.17508583337901
59,102.87720823362903,71.7938295695692
59,105.73776716878557,67.16495850563285
59,108.50494792532652,62.61601457166789
60,90.1846,78.0573
60,91.12579772888759,80.36351439953232
60,96.63929162083917,81.43382095396038
60,101.92455367048892,79.24912796727114
60,105.72156699551897,74.61654048536064
60,108.90598845136844,69.68507162648017
60,111.88425747662036,64.80156424897996
60,94.39138961416465,77.16683638982525
60,99.28608705552898,76.17508583337901
60,102.87720823362903,71.7938295695692
60,105.73776716878557,67.16495850563285
60,108.50494792532652,62.61601457166789
60,110.75691372777725,58.059434201198094
61,92.7586,78.7652
61,96.63929162083917,81.43382095396038
61,101.92455367048892,79.24912796727114
61,105.72156699551897,74.61654048536064
61,108.90598845136844,69.68507162648017
61,111.88425747662036,64.80156424897996
61,114.30523600342156,59.923883987029576
61,94.39138961416465,77.16683638982525
61,99.28608705552898,76.17508583337901
61,102.87720823362903,71.7938295695692
61,105.73776716878557,67.16495850563285
61,108.50494792532652,62.61601457166789
61,110.75691372777725,58.059434201198094
62,95.5153,79.3003
62,96.63929162083917,81.43382095396038
62,101.92455367048892,79.24912796727114
62,105.72156699551897,74.61654048536064
62,108.90598845136844,69.68507162648017
62,111.88425747662036,64.80156424897996
62,114.30523600342156,59.923883987029576
62,99.28608705552898,76.17508583337901
62,102.87720823362903,71.7938295695692
62,105.73776716878557,67.16495850563285
62,108.50494792532652,62.61601457166789
62,110.75691372777725,58.059434201198094
63,97.9627,78.8045
63,101.92455367048892,79.24912796727114
63,105.72156699551897,74.61654048536064
63,108.90598845136844,69.68507162648017
63,111.88425747662036,64.80156424897996
63,114.30523600342156,59.923883987029576
63,99.28608705552898,76.17508583337901
63,102.87720823362903,71.7938295695692
63,105.73776716878557,67.16495850563285
63,108.50494792532652,62.61601457166789
63,110.75691372777725,58.059434201198094
64,100.6053,77.7121
64,105.72156699551897,74.61654048536064
64,108.90598845136844,69.68507162648017
64,111.88425747662036,64.80156424897996
64,114.30523600342156,59.923883987029576
64,116.32840473908259,54.00558479139451
64,99.28608705552898,76.17508583337901
64,102.87720823362903,71.7938295695692
64,105.73776716878557,67.16495850563285
64,108.50494792532652,62.61601457166789
64,110.75691372777725,58.059434201198094
64,112.59314312496888,52.51957803651347
65,102.5038,75.3958
65,105.72156699551897,74.61654048536064
65,108.90598845136844,69.68507162648017
65,111.88425747662036,64.80156424897996
65,114.30523600342156,59.923883987029576
65,116.32840473908259,54.00558479139451
65,102.87720823362903,71.7938295695692
65,105.73776716878557,67.16495850563285
65,108.50494792532652,62.61601457166789
65,110.75691372777725,58.059434201198094
65,112.59314312496888,52.51957803651347
66,104.2994,73.2052
66,108.90598845136844,69.68507162648017
66,111.88425747662036,64.80156424897996
66,114.30523600342156,59.923883987029576
66,116.32840473908259,54.00558479139451
66,117.42904310998402,48.06826709774792
66,102.87720823362903,71.7938295695692
66,105.73776716878557,67.16495850563285
66,108.50494792532652,62.61601457166789
66,110.75691372777725,58.059434201198094
66,112.59314312496888,52.51957803651347
66,113.51995394779644,46.97056411957071
67,105.8916,70.7395
67,108.90598845136844,69.68507162648017
67,111.88425747662036,64.80156424897996
67,114.30523600342156,59.923883987029576
67,116.32840473908259,54.00558479139451
67,117.42904310998402,48.06826709774792
67,105.73776716878557,67.16495850563285
67,108.50494792532652,62.61601457166789
67,110.75691372777725,58.059434201198094
67,112.59314312496888,52.51957803651347
67,113.51995394779644,46.97056411957071
68,107.3219,68.425
68,111.88425747662036,64.80156424897996
68,114.30523600342156,59.923883987029576
68,116.32840473908259,54.00558479139451
68,117.42904310998402,48.06826709774792
68,117.5851548877903,42.278633710893764
68,105.73776716878557,67.16495850563285
68,108.50494792532652,62.61601457166789
68,110.75691372777725,58.059434201198094
68,112.59314312496888,52.51957803651347
68,113.51995394779644,46.97056411957071
68,113.51534913839774,41.58425461616516
69,108.811,65.9833
69,111.88425747662036,64.80156424897996
69,114.30523600342156,59.923883987029576
69,116.32840473908259,54.00558479139451
69,117.42904310998402,48.06826709774792
69,117.5851548877903,42.278633710893764
69,108.50494792532652,62.61601457166789
69,110.75691372777725,58.059434201198094
69,112.59314312496888,52.51957803651347
69,113.51995394779644,46.97056411957071
69,113.51534913839774,41.58425461616516
70,110.1946,63.7088
70,114.30523600342156,59.923883987029576
70,116.32840473908259,54.00558479139451
70,117.42904310998402,48.06826709774792
70,117.5851548877903,42.278633710893764
70,116.58042652047864,35.964533634194844
70,108.50494792532652,62.61601457166789
70,110.75691372777725,58.059434201198094
70,112.59314312496888,52.51957803651347
70,113.51995394779644,46.97056411957071
70,113.51534913839774,41.58425461616516
70,112.35686677043735,35.750597041644255
71,111.4051,61.2699
71,114.30523600342156,59.923883987029576
71,116.32840473908259,54.00558479139451
71,117.42904310998402,48.06826709774792
71,117.5851548877903,42.278633710893764
71,116.58042652047864,35.964533634194844
71,110.75691372777725,58.059434201198094
71,112.59314312496888,52.51957803651347
71,113.51995394779644,46.97056411957071
71,113.51534913839774,41.58425461616516
71,112.35686677043735,35.750597041644255
72,112.5311,58.9917
72,116.32840473908259,54.00558479139451
72,117.42904310998402,48.06826709774792
72,117.5851548877903,42.278633710893764
72,116.58042652047864,35.964533634194844
72,114.9172215602577,31.084245512852554
72,110.75691372777725,58.059434201198094
72,112.59314312496888,52.51957803651347
72,113.51995394779644,46.97056411957071
72,113.51534913839774,41.58425461616516
72,112.35686677043735,35.750597041644255
72,110.63610464420533,31.25547787483509
73,113.5427,56.0325
73,116.32840473908259,54.00558479139451
73,117.42904310998402,48.06826709774792
73,117.5851548877903,42.278633710893764
73,116.58042652047864,35.964533634194844
73,114.9172215602577,31.084245512852554
73,112.59314312496888,52.51957803651347
73,113.51995394779644,46.97056411957071
73,113.51534913839774,41.58425461616516
73,112.35686677043735,35.750597041644255
73,110.63610464420533,31.25547787483509
73,108.15035597409238,26.537258572742072
74,114.4608,53.2626
74,117.42904310998402,48.06826709774792
74,117.5851548877903,42.278633710893764
74,116.58042652047864,35.964533634194844
74,114.9172215602577,31.084245512852554
74,112.41850519015755,25.954450580081083
74,112.59314312496888,52.51957803651347
74,113.51995394779644,46.97056411957071
74,113.51534913839774,41.58425461616516
74,112.35686677043735,35.750597041644255
74,110.63610464420533,31.25547787483509
74,108.15035597409238,26.537258572742072
75,115.0111,50.2939
75,117.42904310998402,48.06826709774792
75,117.5851548877903,42.278633710893764
75,116.58042652047864,35.964533634194844
75,114.9172215602577,31.084245512852554
75,112.41850519015755,25.954450580081083
75,113.51995394779644,46.97056411957071
75,113.51534913839774,41.58425461616516
75,112.35686677043735,35.750597041644255
75,110.63610464420533,31.25547787483509
75,108.15035597409238,26.537258572742072
76,115.4745,47.5194
76,117.5851548877903,42.278633710893764
76,116.58042652047864,35.964533634194844
76,114.9172215602577,31.084245512852554
76,112.41850519015755,25.954450580081083
76,108.88461340435401,20.263252522492312
76,113.51995394779644,46.97056411957071
76,113.51534913839774,41.58425461616516
76,112.35686677043735,35.750597041644255
76,110.63610464420533,31.25547787483509
76,108.15035597409238,26.537258572742072
76,104.73458520610083,21.30473987063399
77,115.5526,44.6246
77,117.5851548877903,42.278633710893764
77,116.58042652047864,35.964533634194844
77,114.9172215602577,31.084245512852554
77,112.41850519015755,25.954450580081083
77,108.88461340435401,20.263252522492312
77,113.51534913839774,41.58425461616516
77,112.35686677043735,35.750597041644255
77,110.63610464420533,31.25547787483509
77,108.15035597409238,26.537258572742072
77,104.73458520610083,21.30473987063399
78,115.5503,41.9314
78,116.58042652047864,35.964533634194844
78,114.9172215602577,31.084245512852554
78,112.41850519015755,25.954450580081083
78,108.88461340435401,20.263252522492312
78,105.84185560605043,16.014713280942654
78,113.51534913839774,41.58425461616516
78,112.35686677043735,35.750597041644255
78,110.63610464420533,31.25547787483509
78,108.15035597409238,26.537258572742072
78,104.73458520610083,21.30473987063399
78,101.85598106671148,17.395052892935148
79,115.0479,38.7744
79,116.58042652047864,35.964533634194844
79,114.9172215602577,31.084245512852554
79,112.41850519015755,25.954450580081083
79,108.88461340435401,20.263252522492312
79,105.84185560605043,16.014713280942654
79,102.54402407742118,11.802750120423344
79,112.35686677043735,35.750597041644255
79,110.63610464420533,31.25547787483509
79,108.15035597409238,26.537258572742072
79,104.73458520610083,21.30473987063399
79,101.85598106671148,17.395052892935148
80,114.4686,35.8576
80,114.9172215602577,31.084245512852554
80,112.41850519015755,25.954450580081083
80,108.88461340435401,20.263252522492312
80,105.84185560605043,16.014713280942654
80,102.54402407742118,11.802750120423344
80,112.35686677043735,35.750597041644255
80,110.63610464420533,31.25547787483509
80,108.15035597409238,26.537258572742072
80,104.73458520610083,21.30473987063399
80,101.85598106671148,17.395052892935148
80,98.7583752356491,13.51186428213573
81,113.637,33.4174
81,114.9172215602577,31.084245512852554
81,112.41850519015755,25.954450580081083
81,108.88461340435401,20.263252522492312
81,105.84185560605043,16.014713280942654
81,102.54402407742118,11.802750120423344
81,110.63610464420533,31.25547787483509
81,108.15035597409238,26.537258572742072
81,104.73458520610083,21.30473987063399
81,101.85598106671148,17.395052892935148
81,98.7583752356491,13.51186428213573
82,112.7767,31.1699
82,112.41850519015755,25.954450580081083
82,108.88461340435401,20.263252522492312
82,105.84185560605043,16.014713280942654
82,102.54402407742118,11.802750120423344
82,98.44214805810529,7.011871306539193
82,110.63610464420533,31.25547787483509
82,108.15035597409238,26.537258572742072
82,104.73458520610083,21.30473987063399
82,101.85598106671148,17.395052892935148
82,98.7583752356491,13.51186428213573
82,94.91419252151472,9.080835331017202
83,111.5273,28.605
83,112.41850519015755,25.954450580081083
83,108.88461340435401,20.263252522492312
83,105.84185560605043,16.014713280942654
83,102.54402407742118,11.802750120423344
83,98.44214805810529,7.011871306539193
83,108.15035597409238,26.537258572742072
83,104.73458520610083,21.30473987063399
83,101.85598106671148,17.395052892935148
83,98.7583752356491,13.51186428213573
83,94.91419252151472,9.080835331017202
84,110.2844,26.2459
84,108.88461340435401,20.263252522492312
84,105.84185560605043,16.014713280942654
84,102.54402407742118,11.802750120423344
84,98.44214805810529,7.011871306539193
84,93.85529203872048,2.2621412404797114
84,108.15035597409238,26.537258572742072
84,104.73458520610083,21.30473987063399
84,101.85598106671148,17.395052892935148
84,98.7583752356491,13.51186428213573
84,94.91419252151472,9.080835331017202
84,90.58163437578423,4.665148997946702
85,108.5175,23.4003
85,108.88461340435401,20.263252522492312
85,105.84185560605043,16.014713280942654
85,102.54402407742118,11.802750120423344
85,98.44214805810529,7.011871306539193
85,93.85529203872048,2.2621412404797114
85,104.73458520610083,21.30473987063399
85,101.85598106671148,17.395052892935148
85,98.7583752356491,13.51186428213573
85,94.91419252151472,9.080835331017202
85,90.58163437578423,4.665148997946702
86,106.8096,20.784
86,105.84185560605043,16.014713280942654
86,102.54402407742118,11.802750120423344
86,98.44214805810529,7.011871306539193
86,93.85529203872048,2.2621412404797114
86,90.16875564539409,-0.9699868527462204
86,104.73458520610083,21.30473987063399
86,101.85598106671148,17.395052892935148
86,98.7583752356491,13.51186428213573
86,94.91419252151472,9.080835331017202
86,90.58163437578423,4.665148997946702
86,87.08665239063058,1.6645955895469666
87,105.2882,18.6597
87,105.84185560605043,16.014713280942654
87,102.54402407742118,11.802750120423344
87,98.44214805810529,7.011871306539193
87,93.85529203872048,2.2621412404797114
87,90.16875564539409,-0.9699868527462204
87,101.85598106671148,17.395052892935148
87,98.7583752356491,13.51186428213573
87,94.91419252151472,9.080835331017202
87,90.58163437578423,4.665148997946702
87,87.08665239063058,1.6645955895469666
88,103.8489,16.7049
88,102.54402407742118,11.802750120423344
88,98.44214805810529,7.011871306539193
88,93.85529203872048,2.2621412404797114
88,90.16875564539409,-0.9699868527462204
88,84.59911362075752,-4.540303290801565
88,101.85598106671148,17.395052892935148
88,98.7583752356491,13.51186428213573
88,94.91419252151472,9.080835331017202
88,90.58163437578423,4.665148997946702
88,87.08665239063058,1.6645955895469666
88,81.80240752150334,-1.3752086968733228
89,102.2,14.5989
89,102.54402407742118,11.802750120423344
89,98.44214805810529,7.011871306539193
89,93.85529203872048,2.2621412404797114
89,90.16875564539409,-0.9699868527462204
89,84.59911362075752,-4.540303290801565
89,98.7583752356491,13.51186428213573
89,94.91419252151472,9.080835331017202
89,90.58163437578423,4.665148997946702
89,87.08665239063058,1.6645955895469666
89,81.80240752150334,-1.3752086968733228
89,77.37576587429328,-2.11097141775934
90,100.6512,12.6573
90,98.44214805810529,7.011871306539193
90,93.85529203872048,2.2621412404797114
90,90.16875564539409,-0.9699868527462204
90,84.59911362075752,-4.540303290801565
90,79.95842943225104,-5.976291499423296
90,98.7583752356491,13.51186428213573
90,94.91419252151472,9.080835331017202
90,90.58163437578423,4.665148997946702
90,87.08665239063058,1.6645955895469666
90,81.80240752150334,-1.3752086968733228
90,77.37576587429328,-2.11097141775934
91,98.6003,10.2619
91,98.44214805810529,7.011871306539193
91,93.85529203872048,2.2621412404797114
91,90.16875564539409,-0.9699868527462204
91,84.59911362075752,-4.540303290801565
91,79.95842943225104,-5.976291499423296
91,73.99745115449433,-5.808293799539293
91,94.91419252151472,9.080835331017202
91,90.58163437578423,4.665148997946702
91,87.08665239063058,1.6645955895469666
91,81.80240752150334,-1.3752086968733228
91,77.37576587429328,-2.11097141775934
91,71.7970571351186,-1.2101642559822605
92,96.6782,8.0464
92,93.85529203872048,2.2621412404797114
92,90.16875564539409,-0.9699868527462204
92,84.59911362075752,-4.540303290801565
92,79.95842943225104,-5.976291499423296
92,73.99745115449433,-5.808293799539293
92,94.91419252151472,9.080835331017202
92,90.58163437578423,4.665148997946702
92,87.08665239063058,1.6645955895469666
92,81.80240752150334,-1.3752086968733228
92,77.37576587429328,-2.11097141775934
92,71.7970571351186,-1.2101642559822605
93,94.3847,5.6715
93,93.85529203872048,2.2621412404797114
93,90.16875564539409,-0.9699868527462204
93,84.59911362075752,-4.540303290801565
93,79.95842943225104,-5.976291499423296
93,73.99745115449433,-5.808293799539293
93,68.8454085578062,-4.493943586096006
93,90.58163437578423,4.665148997946702
93,87.08665239063058,1.6645955895469666
93,81.80240752150334,-1.3752086968733228
93,77.37576587429328,-2.11097141775934
93,71.7970571351186,-1.2101642559822605
93,67.15426940567598,0.39881646875760934
94,92.2185,3.4636
94,90.16875564539409,-0.9699868527462204
94,84.59911362075752,-4.540303290801565
94,79.95842943225104,-5.976291499423296
94,73.99745115449433,-5.808293799539293
94,68.8454085578062,-4.493943586096006
94,62.70815413570417,-1.9304193646440817
94,90.58163437578423,4.665148997946702
94,87.08665239063058,1.6645955895469666
94,81.80240752150334,-1.3752086968733228
94,77.37576587429328,-2.11097141775934
94,71.7970571351186,-1.2101642559822605
94,67.15426940567598,0.39881646875760934
95,90.3752,1.8476
95,90.16875564539409,-0.9699868527462204
95,84.59911362075752,-4.540303290801565
95,79.95842943225104,-5.976291499423296
95,73.99745115449433,-5.808293799539293
95,68.8454085578062,-4.493943586096006
95,62.70815413570417,-1.9304193646440817
95,87.08665239063058,1.6645955895469666
95,81.80240752150334,-1.3752086968733228
95,77.37576587429328,-2.11097141775934
95,71.7970571351186,-1.2101642559822605
95,67.15426940567598,0.39881646875760934
95,61.70125730615752,3.260119531473693
96,88.6277,0.3473
96,84.59911362075752,-4.540303290801565
96,79.95842943225104,-5.976291499423296
96,73.99745115449433,-5.808293799539293
96,68.8454085578062,-4.493943586096006
96,62.70815413570417,-1.9304193646440817
96,87.08665239063058,1.6645955895469666
96,81.80240752150334,-1.3752086968733228
96,77.37576587429328,-2.11097141775934
96,71.7970571351186,-1.2101642559822605
96,67.15426940567598,0.39881646875760934
96,61.70125730615752,3.260119531473693
97,85.8429,-1.4379
97,84.59911362075752,-4.540303290801565
97,79.95842943225104,-5.976291499423296
97,73.99745115449433,-5.808293799539293
97,68.8454085578062,-4.493943586096006
97,62.70815413570417,-1.9304193646440817
97,57.26976758903724,1.4875522105069197
97,81.80240752150334,-1.3752086968733228
97,77.37576587429328,-2.11097141775934
97,71.7970571351186,-1.2101642559822605
97,67.15426940567598,0.39881646875760934
97,61.70125730615752,3.260119531473693
98,83.2008,-2.9578
98,79.95842943225104,-5.976291499423296
98,73.99745115449433,-5.808293799539293
98,68.8454085578062,-4.493943586096006
98,62.70815413570417,-1.9304193646440817
98,57.26976758903724,1.4875522105069197
98,81.80240752150334,-1.3752086968733228
98,77.37576587429328,-2.11097141775934
98,71.7970571351186,-1.2101642559822605
98,67.15426940567598,0.39881646875760934
98,61.70125730615752,3.260119531473693
98,56.96418582072669,7.003943922635731
99,80.8804,-3.6758
99,79.95842943225104,-5.976291499423296
99,73.99745115449433,-5.808293799539293
99,68.8454085578062,-4.493943586096006
99,62.70815413570417,-1.9304193646440817
99,57.26976758903724,1.4875522105069197
99,53.15080245995943,5.204331193151232
99,77.37576587429328,-2.11097141775934
99,71.7970571351186,-1.2101642559822605
99,67.15426940567598,0.39881646875760934
99,61.70125730615752,3.260119531473693
99,56.96418582072669,7.003943922635731
100,78.6671,-4.0436
100,73.99745115449433,-5.808293799539293
100,68.8454085578062,-4.493943586096006
100,62.70815413570417,-1.9304193646440817
100,57.26976758903724,1.4875522105069197
100,53.15080245995943,5.204331193151232
100,77.37576587429328,-2.11097141775934
100,71.7970571351186,-1.2101642559822605
100,67.15426940567598,0.39881646875760934
100,61.70125730615752,3.260119531473693
100,56.96418582072669,7.003943922635731
100,53.85675301029909,11.054970867536076
101,75.6866,-3.9596
101,73.99745115449433,-5.808293799539293
101,68.8454085578062,-4.493943586096006
101,62.70815413570417,-1.9304193646440817
101,57.26976758903724,1.4875522105069197
101,53.15080245995943,5.204331193151232
101,50.00595703749728,9.77003997366222
101,71.7970571351186,-1.2101642559822605
101,67.15426940567598,0.39881646875760934
101,61.70125730615752,3.260119531473693
101,56.96418582072669,7.003943922635731
101,53.85675301029909,11.054970867536076
102,72.8973,-3.5092
102,68.8454085578062,-4.493943586096006
102,62.70815413570417,-1.9304193646440817
102,57.26976758903724,1.4875522105069197
102,53.15080245995943,5.204331193151232
102,50.00595703749728,9.77003997366222
102,71.7970571351186,-1.2101642559822605
102,67.15426940567598,0.39881646875760934
102,61.70125730615752,3.260119531473693
102,56.96418582072669,7.003943922635731
102,53.85675301029909,11.054970867536076
102,52.12356896022987,15.932103485821838
103,70.3212,-2.8521
103,68.8454085578062,-4.493943586096006
103,62.70815413570417,-1.9304193646440817
103,57.26976758903724,1.4875522105069197
103,53.15080245995943,5.204331193151232
103,50.00595703749728,9.77003997366222
103,48.16943405182754,15.346272585794509
103,67.15426940567598,0.39881646875760934
103,61.70125730615752,3.260119531473693
103,56.96418582072669,7.003943922635731
103,53.85675301029909,11.054970867536076
103,52.12356896022987,15.932103485821838
104,67.9998,-2.0476
104,62.70815413570417,-1.9304193646440817
104,57.26976758903724,1.4875522105069197
104,53.15080245995943,5.204331193151232
104,50.00595703749728,9.77003997366222
104,48.16943405182754,15.346272585794509
104,67.15426940567598,0.39881646875760934
104,61.70125730615752,3.260119531473693
104,56.96418582072669,7.003943922635731
104,53.85675301029909,11.054970867536076
104,52.12356896022987,15.932103485821838
104,51.50297399388184,21.45849842738276
105,64.9312,-0.7658
105,62.70815413570417,-1.9304193646440817
105,57.26976758903724,1.4875522105069197
105,53.15080245995943,5.204331193151232
105,50.00595703749728,9.77003997366222
105,48.16943405182754,15.346272585794509
105,47.510130171680366,21.21814749179019
105,61.70125730615752,3.260119531473693
105,56.96418582072669,7.003943922635731
105,53.85675301029909,11.054970867536076
105,52.12356896022987,15.932103485821838
105,51.50297399388184,21.45849842738276
106,62.2047,0.6649
106,57.26976758903724,1.4875522105069197
106,53.15080245995943,5.204331193151232
106,50.00595703749728,9.77003997366222
106,48.16943405182754,15.346272585794509
106,47.510130171680366,21.21814749179019
106,47.5453278013704,26.77831968412774
106,61.70125730615752,3.260119531473693
106,56.96418582072669,7.003943922635731
106,53.85675301029909,11.054970867536076
106,52.12356896022987,15.932103485821838
106,51.50297399388184,21.45849842738276
106,51.55702333989864,26.879922354559767
107,59.4855,2.3738
107,57.26976758903724,1.4875522105069197
107,53.15080245995943,5.204331193151232
107,50.00595703749728,9.77003997366222
107,48.16943405182754,15.346272585794509
107,47.510130171680366,21.21814749179019
107,47.5453278013704,26.77831968412774
107,56.96418582072669,7.003943922635731
107,53.85675301029909,11.054970867536076
107,52.12356896022987,15.932103485821838
107,51.50297399388184,21.45849842738276
107,51.55702333989864,26.879922354559767
108,57.117,4.2457
108,53.15080245995943,5.204331193151232
108,50.00595703749728,9.77003997366222
108,48.16943405182754,15.346272585794509
108,47.510130171680366,21.21814749179019
108,47.5453278013704,26.77831968412774
108,56.96418582072669,7.003943922635731
108,53.85675301029909,11.054970867536076
108,52.12356896022987,15.932103485821838
108,51.50297399388184,21.45849842738276
108,51.55702333989864,26.879922354559767
108,51.702381563397275,32.03689058831885
109,55.0575,6.1041
109,53.15080245995943,5.204331193151232
109,50.00595703749728,9.77003997366222
109,48.16943405182754,15.346272585794509
109,47.510130171680366,21.21814749179019
109,47.5453278013704,26.77831968412774
109,47.68752176508784,33.76298890823783
109,53.85675301029909,11.054970867536076
109,52.12356896022987,15.932103485821838
109,51.50297399388184,21.45849842738276
109,51.55702333989864,26.879922354559767
109,51.702381563397275,32.03689058831885
110,53.5038,8.1297
110,50.00595703749728,9.77003997366222
110,48.16943405182754,15.346272585794509
110,47.510130171680366,21.21814749179019
110,47.5453278013704,26.77831968412774
110,47.68752176508784,33.76298890823783
110,53.85675301029909,11.054970867536076
110,52.12356896022987,15.932103485821838
110,51.50297399388184,21.45849842738276
110,51.55702333989864,26.879922354559767
110,51.702381563397275,32.03689058831885
111,51.9314,10.4125
111,50.00595703749728,9.77003997366222
111,48.16943405182754,15.346272585794509
111,47.510130171680366,21.21814749179019
111,47.5453278013704,26.77831968412774
111,47.68752176508784,33.76298890823783
111,47.38154482828328,38.89958640013242
111,52.12356896022987,15.932103485821838
111,51.50297399388184,21.45849842738276
111,51.55702333989864,26.879922354559767
111,51.702381563397275,32.03689058831885
111,51.4041876946544,38.62002683467606
112,51.0648,12.8511
112,48.16943405182754,15.346272585794509
112,47.510130171680366,21.21814749179019
112,47.5453278013704,26.77831968412774
112,47.68752176508784,33.76298890823783
112,47.38154482828328,38.89958640013242
112,52.12356896022987,15.932103485821838
112,51.50297399388184,21.45849842738276
112,51.55702333989864,26.879922354559767
112,51.702381563397275,32.03689058831885
112,51.4041876946544,38.62002683467606
113,50.1465,15.6392
113,47.510130171680366,21.21814749179019
113,47.5453278013704,26.77831968412774
113,47.68752176508784,33.76298890823783
113,47.38154482828328,38.89958640013242
113,46.16069510566784,44.703103173906044
113,52.12356896022987,15.932103485821838
113,51.50297399388184,21.45849842738276
113,51.55702333989864,26.879922354559767
113,51.702381563397275,32.03689058831885
113,51.4041876946544,38.62002683467606
113,50.800823333319975,43.33115273915744
114,49.8362,18.4024
114,47.510130171680366,21.21814749179019
114,47.5453278013704,26.77831968412774
114,47.68752176508784,33.76298890823783
114,47.38154482828328,38.89958640013242
114,46.16069510566784,44.703103173906044
114,51.50297399388184,21.45849842738276
114,51.55702333989864,26.879922354559767
114,51.702381563397275,32.03689058831885
114,51.4041876946544,38.62002683467606
114,50.800823333319975,43.33115273915744
114,48.6644469974126,48.271483442308956
115,49.5066,21.3383
115,47.5453278013704,26.77831968412774
115,47.68752176508784,33.76298890823783
115,47.38154482828328,38.89958640013242
115,46.16069510566784,44.703103173906044
115,43.46422648739236,48.317257910461436
115,51.50297399388184,21.45849842738276
115,51.55702333989864,26.879922354559767
115,51.702381563397275,32.03689058831885
115,51.4041876946544,38.62002683467606
115,50.800823333319975,43.33115273915744
115,48.6644469974126,48.271483442308956
116,49.5336,24.049
116,47.5453278013704,26.77831968412774
116,47.68752176508784,33.76298890823783
116,47.38154482828328,38.89958640013242
116,46.16069510566784,44.703103173906044
116,43.46422648739236,48.317257910461436
116,51.55702333989864,26.879922354559767
116,51.702381563397275,32.03689058831885
116,51.4041876946544,38.62002683467606
116,50.800823333319975,43.33115273915744
116,48.6644469974126,48.271483442308956
116,45.709343689634565,51.76892691271787
117,49.5512,26.8291
117,47.68752176508784,33.76298890823783
117,47.38154482828328,38.89958640013242
117,46.16069510566784,44.703103173906044
117,43.46422648739236,48.317257910461436
117,51.55702333989864,26.879922354559767
117,51.702381563397275,32.03689058831885
117,51.4041876946544,38.62002683467606
117,50.800823333319975,43.33115273915744
117,48.6644469974126,48.271483442308956
117,45.709343689634565,51.76892691271787
118,49.6239,29.4076
118,36.019446388944836,55.435110587996114
118,47.68752176508784,33.76298890823783
118,47.38154482828328,38.89958640013242
118,46.16069510566784,44.703103173906044
118,43.46422648739236,48.317257910461436
118,36.01944638894483,55.435110587996114
118,51.702381563397275,32.03689058831885
118,51.4041876946544,38.62002683467606
118,50.800823333319975,43.33115273915744
118,48.6644469974126,48.271483442308956
118,45.709343689634565,51.76892691271787
119,49.695,32.8999
119,36.019446388944836,55.435110587996114
119,47.68752176508784,33.76298890823783
119,47.38154482828328,38.89958640013242
119,46.16069510566784,44.703103173906044
119,43.46422648739236,48.317257910461436
119,36.01944638894483,55.435110587996114
119,38.39184985195995,58.630757648370846
119,51.4041876946544,38.62002683467606
119,50.800823333319975,43.33115273915744
119,48.6644469974126,48.271483442308956
119,45.709343689634565,51.76892691271787
119,38.39184985195995,58.630757648370846
120,49.5459,36.1915
120,36.019446388944836,55.435110587996114
120,30.864093501010508,56.881106946431125
120,47.38154482828328,38.89958640013242
120,46.16069510566784,44.703103173906044
120,43.46422648739236,48.317257910461436
120,36.01944638894483,55.435110587996114
120,38.39184985195995,58.630757648370846
120,33.68031852849572,60.68616801716169
120,51.4041876946544,38.62002683467606
120,50.800823333319975,43.33115273915744
120,48.6644469974126,48.271483442308956
120,45.709343689634565,51.76892691271787
120,38.39184985195995,58.630757648370846
121,49.3929,38.7598
121,36.019446388944836,55.435110587996114
121,30.864093501010508,56.881106946431125
121,24.935447875465,55.258161295295686
121,47.38154482828328,38.89958640013242
121,46.16069510566784,44.703103173906044
121,43.46422648739236,48.317257910461436
121,36.01944638894483,55.435110587996114
121,38.39184985195995,58.630757648370846
121,33.68031852849572,60.68616801716169
121,50.800823333319975,43.33115273915744
121,48.6644469974126,48.271483442308956
121,45.709343689634565,51.76892691271787
121,38.39184985195995,58.630757648370846
122,49.0912,41.1154
122,36.019446388944836,55.435110587996114
122,30.864093501010508,56.881106946431125
122,24.935447875465,55.258161295295686
122,46.16069510566784,44.703103173906044
122,43.46422648739236,48.317257910461436
122,36.01944638894483,55.435110587996114
122,38.39184985195995,58.630757648370846
122,33.68031852849572,60.68616801716169
122,28.006573578125142,60.53138341923374
122,50.800823333319975,43.33115273915744
122,48.6644469974126,48.271483442308956
122,45.709343689634565,51.76892691271787
122,38.39184985195995,58.630757648370846
123,48.4808,44.0171
123,36.019446388944836,55.435110587996114
123,30.864093501010508,56.881106946431125
123,24.935447875465,55.258161295295686
123,20.050540379737225,52.56632542354097
123,46.16069510566784,44.703103173906044
123,43.46422648739236,48.317257910461436
123,36.01944638894483,55.435110587996114
123,38.39184985195995,58.630757648370846
123,33.68031852849572,60.68616801716169
123,28.006573578125142,60.53138341923374
123,23.09164499207895,58.8535587098447
123,48.6644469974126,48.271483442308956
123,45.709343689634565,51.76892691271787
123,38.39184985195995,58.630757648370846
124,47.4126,46.4873
124,36.019446388944836,55.435110587996114
124,30.864093501010508,56.881106946431125
124,24.935447875465,55.258161295295686
124,20.050540379737225,52.56632542354097
124,43.46422648739236,48.317257910461436
124,36.01944638894483,55.435110587996114
124,38.39184985195995,58.630757648370846
124,33.68031852849572,60.68616801716169
124,28.006573578125142,60.53138341923374
124,23.09164499207895,58.8535587098447
124,48.6644469974126,48.271483442308956
124,45.709343689634565,51.76892691271787
124,38.39184985195995,58.630757648370846
125,46.0643,48.2944
125,36.019446388944836,55.435110587996114
125,30.864093501010508,56.881106946431125
125,24.935447875465,55.258161295295686
125,20.050540379737225,52.56632542354097
125,43.46422648739236,48.317257910461436
125,36.01944638894483,55.435110587996114
125,38.39184985195995,58.630757648370846
125,33.68031852849572,60.68616801716169
125,28.006573578125142,60.53138341923374
125,23.09164499207895,58.8535587098447
125,17.88211404221961,55.86427394886099
125,45.709343689634565,51.76892691271787
125,38.39184985195995,58.630757648370846
126,44.5868,50.0431
126,36.019446388944836,55.435110587996114
126,30.864093501010508,56.881106946431125
126,24.935447875465,55.258161295295686
126,20.050540379737225,52.56632542354097
126,36.01944638894483,55.435110587996114
126,38.39184985195995,58.630757648370846
126,33.68031852849572,60.68616801716169
126,28.006573578125142,60.53138341923374
126,23.09164499207895,58.8535587098447
126,17.88211404221961,55.86427394886099
126,45.709343689634565,51.76892691271787
126,38.39184985195995,58.630757648370846
127,40.8644,53.602
127,36.019446388944836,55.435110587996114
127,30.864093501010508,56.881106946431125
127,24.935447875465,55.258161295295686
127,20.050540379737225,52.56632542354097
127,14.030687944419608,50.41438752973201
127,36.01944638894483,55.435110587996114
127,38.39184985195995,58.630757648370846
127,33.68031852849572,60.68616801716169
127,28.006573578125142,60.53138341923374
127,23.09164499207895,58.8535587098447
127,17.88211404221961,55.86427394886099
127,13.160583154630261,54.426509502719355
127,38.39184985195995,58.630757648370846
128,37.2056,57.0329
