iteration,x,y
1,42.4948,4.357
1,65.659,8.80975
1,25.3433,19.0291
1,42.078,6.35206
1,53.0451,7.52887
1,45.3413,6.89183
1,49.0414,7.25058
1,45.2763,6.88365
1,59.0698,7.9656
1,56.1443,7.73997
1,62.2692,8.29241
1,27.5275,8.44724
1,36.2589,5.04467
1,39.0187,5.65462
1,30.0512,5.7511
1,32.6713,4.79449
1,25.0122,13.6699
1,26.4193,10.2875
1,24.688,15.265
1,43.5466,35.7044
1,55.8996,37.1925
1,48.6703,36.6704
1,45.9292,36.308
1,51.5329,36.8603
1,57.3422,37.4048
1,32.9451,28.6279
1,28.9535,24.2249
1,30.8641,26.3981
1,27.0832,21.8323
1,37.6769,32.7162
1,40.256,34.2968
1,35.2017,30.78
1,73.9211,11.5394
1,72.0407,10.6414
1,68.1575,9.35872
1,76.8046,13.4872
1,64.6284,4.64722
1,21.3581,19.755
1,38.6471,1.43257
1,49.9036,3.27578
1,57.6685,3.91377
1,54.199,3.6364
1,61.0305,4.21321
1,45.7867,2.80449
1,42.1959,2.14634
1,45.8586,2.81498
1,23.8882,6.6818
1,31.5569,1.04833
1,35.4772,1.03054
1,25.3515,4.66266
1,28.5239,1.8974
1,21.3562,12.0529
1,21.9722,10.3177
1,20.7377,16.3087
1,40.5693,38.919
1,29.6081,30.8557
1,24.9197,25.7733
1,27.2541,28.4103
1,22.8887,22.9413
1,34.5979,35.3375
1,38.0211,37.6309
1,32.0173,33.1851
1,75.4377,7.73528
1,71.1882,6.05374
1,68.4188,5.33114
1,77.4649,8.90934
2,39.8739,3.83987
2,65.659,8.80975
2,25.3433,19.0291
2,42.078,6.35206
2,53.0451,7.52887
2,45.3413,6.89183
2,49.0414,7.25058
2,45.2763,6.88365
2,59.0698,7.9656
2,56.1443,7.73997
2,62.2692,8.29241
2,27.5275,8.44724
2,36.2589,5.04467
2,39.0187,5.65462
2,30.0512,5.7511
2,32.6713,4.79449
2,25.0122,13.6699
2,26.4193,10.2875
2,24.688,15.265
2,43.5466,35.7044
2,55.8996,37.1925
2,48.6703,36.6704
2,45.9292,36.308
2,51.5329,36.8603
2,57.3422,37.4048
2,32.9451,28.6279
2,28.9535,24.2249
2,30.8641,26.3981
2,27.0832,21.8323
2,37.6769,32.7162
2,40.256,34.2968
2,35.2017,30.78
2,73.9211,11.5394
2,72.0407,10.6414
2,68.1575,9.35872
2,76.8046,13.4872
2,64.6284,4.64722
2,21.3581,19.755
2,38.6471,1.43257
2,49.9036,3.27578
2,57.6685,3.91377
2,54.199,3.6364
2,61.0305,4.21321
2,45.7867,2.80449
2,42.1959,2.14634
2,45.8586,2.81498
2,23.8882,6.6818
2,31.5569,1.04833
2,35.4772,1.03054
2,25.3515,4.66266
2,28.5239,1.8974
2,21.3562,12.0529
2,21.9722,10.3177
2,20.7377,16.3087
2,40.5693,38.919
2,29.6081,30.8557
2,24.9197,25.7733
2,27.2541,28.4103
2,22.8887,22.9413
2,34.5979,35.3375
2,38.0211,37.6309
2,32.0173,33.1851
2,75.4377,7.73528
2,71.1882,6.05374
2,68.4188,5.33114
2,77.4649,8.90934
3,37.5071,3.33522
3,65.659,8.80975
3,25.3433,19.0291
3,42.078,6.35206
3,53.0451,7.52887
3,45.3413,6.89183
3,49.0414,7.25058
3,45.2763,6.88365
3,59.0698,7.9656
3,56.1443,7.73997
3,62.2692,8.29241
3,27.5275,8.44724
3,36.2589,5.04467
3,39.0187,5.65462
3,30.0512,5.7511
3,32.6713,4.79449
3,25.0122,13.6699
3,26.4193,10.2875
3,24.688,15.265
3,43.5466,35.7044
3,55.8996,37.1925
3,48.6703,36.6704
3,45.9292,36.308
3,51.5329,36.8603
3,57.3422,37.4048
3,32.9451,28.6279
3,28.9535,24.2249
3,30.8641,26.3981
3,27.0832,21.8323
3,37.6769,32.7162
3,40.256,34.2968
3,35.2017,30.78
3,73.9211,11.5394
3,72.0407,10.6414
3,68.1575,9.35872
3,76.8046,13.4872
3,64.6284,4.64722
3,21.3581,19.755
3,38.6471,1.43257
3,49.9036,3.27578
3,57.6685,3.91377
3,54.199,3.6364
3,61.0305,4.21321
3,45.7867,2.80449
3,42.1959,2.14634
3,45.8586,2.81498
3,23.8882,6.6818
3,31.5569,1.04833
3,35.4772,1.03054
3,25.3515,4.66266
3,28.5239,1.8974
3,21.3562,12.0529
3,21.9722,10.3177
3,20.7377,16.3087
3,40.5693,38.919
3,29.6081,30.8557
3,24.9197,25.7733
3,27.2541,28.4103
3,22.8887,22.9413
3,34.5979,35.3375
3,38.0211,37.6309
3,32.0173,33.1851
3,75.4377,7.73528
3,71.1882,6.05374
3,68.4188,5.33114
3,77.4649,8.90934
4,35.3603,2.94229
4,65.659,8.80975
4,25.3433,19.0291
4,42.078,6.35206
4,53.0451,7.52887
4,45.3413,6.89183
4,49.0414,7.25058
4,45.2763,6.88365
4,59.0698,7.9656
4,56.1443,7.73997
4,62.2692,8.29241
4,27.5275,8.44724
4,36.2589,5.04467
4,39.0187,5.65462
4,30.0512,5.7511
4,32.6713,4.79449
4,25.0122,13.6699
4,26.4193,10.2875
4,24.688,15.265
4,43.5466,35.7044
4,55.8996,37.1925
4,48.6703,36.6704
4,45.9292,36.308
4,51.5329,36.8603
4,57.3422,37.4048
4,32.9451,28.6279
4,28.9535,24.2249
4,30.8641,26.3981
4,27.0832,21.8323
4,37.6769,32.7162
4,40.256,34.2968
4,35.2017,30.78
4,73.9211,11.5394
4,72.0407,10.6414
4,68.1575,9.35872
4,76.8046,13.4872
4,64.6284,4.64722
4,21.3581,19.755
4,38.6471,1.43257
4,49.9036,3.27578
4,57.6685,3.91377
4,54.199,3.6364
4,61.0305,4.21321
4,45.7867,2.80449
4,42.1959,2.14634
4,45.8586,2.81498
4,23.8882,6.6818
4,31.5569,1.04833
4,35.4772,1.03054
4,25.3515,4.66266
4,28.5239,1.8974
4,21.3562,12.0529
4,21.9722,10.3177
4,20.7377,16.3087
4,40.5693,38.919
4,29.6081,30.8557
4,24.9197,25.7733
4,27.2541,28.4103
4,22.8887,22.9413
4,34.5979,35.3375
4,38.0211,37.6309
4,32.0173,33.1851
4,75.4377,7.73528
4,71.1882,6.05374
4,68.4188,5.33114
4,77.4649,8.90934
5,33.399,2.76032
5,65.659,8.80975
5,25.3433,19.0291
5,42.078,6.35206
5,53.0451,7.52887
5,45.3413,6.89183
5,49.0414,7.25058
5,45.2763,6.88365
5,59.0698,7.9656
5,56.1443,7.73997
5,62.2692,8.29241
5,27.5275,8.44724
5,36.2589,5.04467
5,39.0187,5.65462
5,30.0512,5.7511
5,32.6713,4.79449
5,25.0122,13.6699
5,26.4193,10.2875
5,24.688,15.265
5,43.5466,35.7044
5,55.8996,37.1925
5,48.6703,36.6704
5,45.9292,36.308
5,51.5329,36.8603
5,57.3422,37.4048
5,32.9451,28.6279
5,28.9535,24.2249
5,30.8641,26.3981
5,27.0832,21.8323
5,37.6769,32.7162
5,40.256,34.2968
5,35.2017,30.78
5,73.9211,11.5394
5,72.0407,10.6414
5,68.1575,9.35872
5,76.8046,13.4872
5,64.6284,4.64722
5,21.3581,19.755
5,38.6471,1.43257
5,49.9036,3.27578
5,57.6685,3.91377
5,54.199,3.6364
5,61.0305,4.21321
5,45.7867,2.80449
5,42.1959,2.14634
5,45.8586,2.81498
5,23.8882,6.6818
5,31.5569,1.04833
5,35.4772,1.03054
5,25.3515,4.66266
5,28.5239,1.8974
5,21.3562,12.0529
5,21.9722,10.3177
5,20.7377,16.3087
5,40.5693,38.919
5,29.6081,30.8557
5,24.9197,25.7733
5,27.2541,28.4103
5,22.8887,22.9413
5,34.5979,35.3375
5,38.0211,37.6309
5,32.0173,33.1851
5,75.4377,7.73528
5,71.1882,6.05374
5,68.4188,5.33114
5,77.4649,8.90934
6,31.589,2.88852
6,65.659,8.80975
6,25.3433,19.0291
6,42.078,6.35206
6,53.0451,7.52887
6,45.3413,6.89183
6,49.0414,7.25058
6,45.2763,6.88365
6,59.0698,7.9656
6,56.1443,7.73997
6,62.2692,8.29241
6,27.5275,8.44724
6,36.2589,5.04467
6,39.0187,5.65462
6,30.0512,5.7511
6,32.6713,4.79449
6,25.0122,13.6699
6,26.4193,10.2875
6,24.688,15.265
6,43.5466,35.7044
6,55.8996,37.1925
6,48.6703,36.6704
6,45.9292,36.308
6,51.5329,36.8603
6,57.3422,37.4048
6,32.9451,28.6279
6,28.9535,24.2249
6,30.8641,26.3981
6,27.0832,21.8323
6,37.6769,32.7162
6,40.256,34.2968
6,35.2017,30.78
6,73.9211,11.5394
6,72.0407,10.6414
6,68.1575,9.35872
6,76.8046,13.4872
6,64.6284,4.64722
6,21.3581,19.755
6,38.6471,1.43257
6,49.9036,3.27578
6,57.6685,3.91377
6,54.199,3.6364
6,61.0305,4.21321
6,45.7867,2.80449
6,42.1959,2.14634
6,45.8586,2.81498
6,23.8882,6.6818
6,31.5569,1.04833
6,35.4772,1.03054
6,25.3515,4.66266
6,28.5239,1.8974
6,21.3562,12.0529
6,21.9722,10.3177
6,20.7377,16.3087
6,40.5693,38.919
6,29.6081,30.8557
6,24.9197,25.7733
6,27.2541,28.4103
6,22.8887,22.9413
6,34.5979,35.3375
6,38.0211,37.6309
6,32.0173,33.1851
6,75.4377,7.73528
6,71.1882,6.05374
6,68.4188,5.33114
6,77.4649,8.90934
7,29.8961,3.42614
7,65.659,8.80975
7,25.3433,19.0291
7,42.078,6.35206
7,53.0451,7.52887
7,45.3413,6.89183
7,49.0414,7.25058
7,45.2763,6.88365
7,59.0698,7.9656
7,56.1443,7.73997
7,62.2692,8.29241
7,27.5275,8.44724
7,36.2589,5.04467
7,39.0187,5.65462
7,30.0512,5.7511
7,32.6713,4.79449
7,25.0122,13.6699
7,26.4193,10.2875
7,24.688,15.265
7,43.5466,35.7044
7,55.8996,37.1925
7,48.6703,36.6704
7,45.9292,36.308
7,51.5329,36.8603
7,57.3422,37.4048
7,32.9451,28.6279
7,28.9535,24.2249
7,30.8641,26.3981
7,27.0832,21.8323
7,37.6769,32.7162
7,40.256,34.2968
7,35.2017,30.78
7,73.9211,11.5394
7,72.0407,10.6414
7,68.1575,9.35872
7,76.8046,13.4872
7,64.6284,4.64722
7,21.3581,19.755
7,38.6471,1.43257
7,49.9036,3.27578
7,57.6685,3.91377
7,54.199,3.6364
7,61.0305,4.21321
7,45.7867,2.80449
7,42.1959,2.14634
7,45.8586,2.81498
7,23.8882,6.6818
7,31.5569,1.04833
7,35.4772,1.03054
7,25.3515,4.66266
7,28.5239,1.8974
7,21.3562,12.0529
7,21.9722,10.3177
7,20.7377,16.3087
7,40.5693,38.919
7,29.6081,30.8557
7,24.9197,25.7733
7,27.2541,28.4103
7,22.8887,22.9413
7,34.5979,35.3375
7,38.0211,37.6309
7,32.0173,33.1851
7,75.4377,7.73528
7,71.1882,6.05374
7,68.4188,5.33114
7,77.4649,8.90934
8,28.2859,4.47241
8,65.659,8.80975
8,25.3433,19.0291
8,42.078,6.35206
8,53.0451,7.52887
8,45.3413,6.89183
8,49.0414,7.25058
8,45.2763,6.88365
8,59.0698,7.9656
8,56.1443,7.73997
8,62.2692,8.29241
8,27.5275,8.44724
8,36.2589,5.04467
8,39.0187,5.65462
8,30.0512,5.7511
8,32.6713,4.79449
8,25.0122,13.6699
8,26.4193,10.2875
8,24.688,15.265
8,43.5466,35.7044
8,55.8996,37.1925
8,48.6703,36.6704
8,45.9292,36.308
8,51.5329,36.8603
8,57.3422,37.4048
8,32.9451,28.6279
8,28.9535,24.2249
8,30.8641,26.3981
8,27.0832,21.8323
8,37.6769,32.7162
8,40.256,34.2968
8,35.2017,30.78
8,73.9211,11.5394
8,72.0407,10.6414
8,68.1575,9.35872
8,76.8046,13.4872
8,64.6284,4.64722
8,21.3581,19.755
8,38.6471,1.43257
8,49.9036,3.27578
8,57.6685,3.91377
8,54.199,3.6364
8,61.0305,4.21321
8,45.7867,2.80449
8,42.1959,2.14634
8,45.8586,2.81498
8,23.8882,6.6818
8,31.5569,1.04833
8,35.4772,1.03054
8,25.3515,4.66266
8,28.5239,1.8974
8,21.3562,12.0529
8,21.9722,10.3177
8,20.7377,16.3087
8,40.5693,38.919
8,29.6081,30.8557
8,24.9197,25.7733
8,27.2541,28.4103
8,22.8887,22.9413
8,34.5979,35.3375
8,38.0211,37.6309
8,32.0173,33.1851
8,75.4377,7.73528
8,71.1882,6.05374
8,68.4188,5.33114
8,77.4649,8.90934
9,26.7243,6.12655
9,65.659,8.80975
9,25.3433,19.0291
9,42.078,6.35206
9,53.0451,7.52887
9,45.3413,6.89183
9,49.0414,7.25058
9,45.2763,6.88365
9,59.0698,7.9656
9,56.1443,7.73997
9,62.2692,8.29241
9,27.5275,8.44724
9,36.2589,5.04467
9,39.0187,5.65462
9,30.0512,5.7511
9,32.6713,4.79449
9,25.0122,13.6699
9,26.4193,10.2875
9,24.688,15.265
9,43.5466,35.7044
9,55.8996,37.1925
9,48.6703,36.6704
9,45.9292,36.308
9,51.5329,36.8603
9,57.3422,37.4048
9,32.9451,28.6279
9,28.9535,24.2249
9,30.8641,26.3981
9,27.0832,21.8323
9,37.6769,32.7162
9,40.256,34.2968
9,35.2017,30.78
9,73.9211,11.5394
9,72.0407,10.6414
9,68.1575,9.35872
9,76.8046,13.4872
9,64.6284,4.64722
9,21.3581,19.755
9,38.6471,1.43257
9,49.9036,3.27578
9,57.6685,3.91377
9,54.199,3.6364
9,61.0305,4.21321
9,45.7867,2.80449
9,42.1959,2.14634
9,45.8586,2.81498
9,23.8882,6.6818
9,31.5569,1.04833
9,35.4772,1.03054
9,25.3515,4.66266
9,28.5239,1.8974
9,21.3562,12.0529
9,21.9722,10.3177
9,20.7377,16.3087
9,40.5693,38.919
9,29.6081,30.8557
9,24.9197,25.7733
9,27.2541,28.4103
9,22.8887,22.9413
9,34.5979,35.3375
9,38.0211,37.6309
9,32.0173,33.1851
9,75.4377,7.73528
9,71.1882,6.05374
9,68.4188,5.33114
9,77.4649,8.90934
10,25.3319,8.21703
10,65.659,8.80975
10,25.3433,19.0291
10,42.078,6.35206
10,53.0451,7.52887
10,45.3413,6.89183
10,49.0414,7.25058
10,45.2763,6.88365
10,59.0698,7.9656
10,56.1443,7.73997
10,62.2692,8.29241
10,27.5275,8.44724
10,36.2589,5.04467
10,39.0187,5.65462
10,30.0512,5.7511
10,32.6713,4.79449
10,25.0122,13.6699
10,26.4193,10.2875
10,24.688,15.265
10,43.5466,35.7044
10,55.8996,37.1925
10,48.6703,36.6704
10,45.9292,36.308
10,51.5329,36.8603
10,57.3422,37.4048
10,32.9451,28.6279
10,28.9535,24.2249
10,30.8641,26.3981
10,27.0832,21.8323
10,37.6769,32.7162
10,40.256,34.2968
10,35.2017,30.78
10,73.9211,11.5394
10,72.0407,10.6414
10,68.1575,9.35872
10,76.8046,13.4872
10,64.6284,4.64722
10,21.3581,19.755
10,38.6471,1.43257
10,49.9036,3.27578
10,57.6685,3.91377
10,54.199,3.6364
10,61.0305,4.21321
10,45.7867,2.80449
10,42.1959,2.14634
10,45.8586,2.81498
10,23.8882,6.6818
10,31.5569,1.04833
10,35.4772,1.03054
10,25.3515,4.66266
10,28.5239,1.8974
10,21.3562,12.0529
10,21.9722,10.3177
10,20.7377,16.3087
10,40.5693,38.919
10,29.6081,30.8557
10,24.9197,25.7733
10,27.2541,28.4103
10,22.8887,22.9413
10,34.5979,35.3375
10,38.0211,37.6309
10,32.0173,33.1851
10,75.4377,7.73528
10,71.1882,6.05374
10,68.4188,5.33114
10,77.4649,8.90934
11,23.8744,11.0802
11,65.659,8.80975
11,25.3433,19.0291
11,42.078,6.35206
11,53.0451,7.52887
11,45.3413,6.89183
11,49.0414,7.25058
11,45.2763,6.88365
11,59.0698,7.9656
11,56.1443,7.73997
11,62.2692,8.29241
11,27.5275,8.44724
11,36.2589,5.04467
11,39.0187,5.65462
11,30.0512,5.7511
11,32.6713,4.79449
11,25.0122,13.6699
11,26.4193,10.2875
11,24.688,15.265
11,43.5466,35.7044
11,55.8996,37.1925
11,48.6703,36.6704
11,45.9292,36.308
11,51.5329,36.8603
11,57.3422,37.4048
11,32.9451,28.6279
11,28.9535,24.2249
11,30.8641,26.3981
11,27.0832,21.8323
11,37.6769,32.7162
11,40.256,34.2968
11,35.2017,30.78
11,73.9211,11.5394
11,72.0407,10.6414
11,68.1575,9.35872
11,76.8046,13.4872
11,64.6284,4.64722
11,21.3581,19.755
11,38.6471,1.43257
11,49.9036,3.27578
11,57.6685,3.91377
11,54.199,3.6364
11,61.0305,4.21321
11,45.7867,2.80449
11,42.1959,2.14634
11,45.8586,2.81498
11,23.8882,6.6818
11,31.5569,1.04833
11,35.4772,1.03054
11,25.3515,4.66266
11,28.5239,1.8974
11,21.3562,12.0529
11,21.9722,10.3177
11,20.7377,16.3087
11,40.5693,38.919
11,29.6081,30.8557
11,24.9197,25.7733
11,27.2541,28.4103
11,22.8887,22.9413
11,34.5979,35.3375
11,38.0211,37.6309
11,32.0173,33.1851
11,75.4377,7.73528
11,71.1882,6.05374
11,68.4188,5.33114
11,77.4649,8.90934
11,43.5568,39.9544
12,23.0095,13.6286
12,65.659,8.80975
12,25.3433,19.0291
12,42.078,6.35206
12,53.0451,7.52887
12,45.3413,6.89183
12,49.0414,7.25058
12,45.2763,6.88365
12,59.0698,7.9656
12,56.1443,7.73997
12,62.2692,8.29241
12,27.5275,8.44724
12,36.2589,5.04467
12,39.0187,5.65462
12,30.0512,5.7511
12,32.6713,4.79449
12,25.0122,13.6699
12,26.4193,10.2875
12,24.688,15.265
12,43.5466,35.7044
12,55.8996,37.1925
12,48.6703,36.6704
12,45.9292,36.308
12,51.5329,36.8603
12,57.3422,37.4048
12,32.9451,28.6279
12,28.9535,24.2249
12,30.8641,26.3981
12,27.0832,21.8323
12,37.6769,32.7162
12,40.256,34.2968
12,35.2017,30.78
12,73.9211,11.5394
12,72.0407,10.6414
12,68.1575,9.35872
12,76.8046,13.4872
12,64.6284,4.64722
12,21.3581,19.755
12,38.6471,1.43257
12,49.9036,3.27578
12,57.6685,3.91377
12,54.199,3.6364
12,61.0305,4.21321
12,45.7867,2.80449
12,42.1959,2.14634
12,45.8586,2.81498
12,23.8882,6.6818
12,31.5569,1.04833
12,35.4772,1.03054
12,25.3515,4.66266
12,28.5239,1.8974
12,21.3562,12.0529
12,21.9722,10.3177
12,20.7377,16.3087
12,40.5693,38.919
12,29.6081,30.8557
12,24.9197,25.7733
12,27.2541,28.4103
12,22.8887,22.9413
12,34.5979,35.3375
12,38.0211,37.6309
12,32.0173,33.1851
12,75.4377,7.73528
12,71.1882,6.05374
12,68.4188,5.33114
12,77.4649,8.90934
12,43.5568,39.9544
13,22.6945,15.9291
13,65.659,8.80975
13,25.3433,19.0291
13,42.078,6.35206
13,53.0451,7.52887
13,45.3413,6.89183
13,49.0414,7.25058
13,45.2763,6.88365
13,59.0698,7.9656
13,56.1443,7.73997
13,62.2692,8.29241
13,27.5275,8.44724
13,36.2589,5.04467
13,39.0187,5.65462
13,30.0512,5.7511
13,32.6713,4.79449
13,25.0122,13.6699
13,26.4193,10.2875
13,24.688,15.265
13,43.5466,35.7044
13,55.8996,37.1925
13,48.6703,36.6704
13,45.9292,36.308
13,51.5329,36.8603
13,57.3422,37.4048
13,32.9451,28.6279
13,28.9535,24.2249
13,30.8641,26.3981
13,27.0832,21.8323
13,37.6769,32.7162
13,40.256,34.2968
13,35.2017,30.78
13,73.9211,11.5394
13,72.0407,10.6414
13,68.1575,9.35872
13,76.8046,13.4872
13,64.6284,4.64722
13,21.3581,19.755
13,38.6471,1.43257
13,49.9036,3.27578
13,57.6685,3.91377
13,54.199,3.6364
13,61.0305,4.21321
13,45.7867,2.80449
13,42.1959,2.14634
13,45.8586,2.81498
13,23.8882,6.6818
13,31.5569,1.04833
13,35.4772,1.03054
13,25.3515,4.66266
13,28.5239,1.8974
13,21.3562,12.0529
13,21.9722,10.3177
13,20.7377,16.3087
13,40.5693,38.919
13,29.6081,30.8557
13,24.9197,25.7733
13,27.2541,28.4103
13,22.8887,22.9413
13,34.5979,35.3375
13,38.0211,37.6309
13,32.0173,33.1851
13,75.4377,7.73528
13,71.1882,6.05374
13,68.4188,5.33114
13,77.4649,8.90934
13,43.5568,39.9544
13,46.728,40.514
14,22.8872,18.0483
14,65.659,8.80975
14,25.3433,19.0291
14,42.078,6.35206
14,53.0451,7.52887
14,45.3413,6.89183
14,49.0414,7.25058
14,45.2763,6.88365
14,59.0698,7.9656
14,56.1443,7.73997
14,62.2692,8.29241
14,27.5275,8.44724
14,36.2589,5.04467
14,39.0187,5.65462
14,30.0512,5.7511
14,32.6713,4.79449
14,25.0122,13.6699
14,26.4193,10.2875
14,24.688,15.265
14,43.5466,35.7044
14,55.8996,37.1925
14,48.6703,36.6704
14,45.9292,36.308
14,51.5329,36.8603
14,57.3422,37.4048
14,32.9451,28.6279
14,28.9535,24.2249
14,30.8641,26.3981
14,27.0832,21.8323
14,37.6769,32.7162
14,40.256,34.2968
14,35.2017,30.78
14,73.9211,11.5394
14,72.0407,10.6414
14,68.1575,9.35872
14,76.8046,13.4872
14,64.6284,4.64722
14,21.3581,19.755
14,38.6471,1.43257
14,49.9036,3.27578
14,57.6685,3.91377
14,54.199,3.6364
14,61.0305,4.21321
14,45.7867,2.80449
14,42.1959,2.14634
14,45.8586,2.81498
14,23.8882,6.6818
14,31.5569,1.04833
14,35.4772,1.03054
14,25.3515,4.66266
14,28.5239,1.8974
14,21.3562,12.0529
14,21.9722,10.3177
14,20.7377,16.3087
14,40.5693,38.919
14,29.6081,30.8557
14,24.9197,25.7733
14,27.2541,28.4103
14,22.8887,22.9413
14,34.5979,35.3375
14,38.0211,37.6309
14,32.0173,33.1851
14,75.4377,7.73528
14,71.1882,6.05374
14,68.4188,5.33114
14,77.4649,8.90934
14,43.5568,39.9544
14,46.728,40.514
15,23.545,20.053
15,65.659,8.80975
15,25.3433,19.0291
15,42.078,6.35206
15,53.0451,7.52887
15,45.3413,6.89183
15,49.0414,7.25058
15,45.2763,6.88365
15,59.0698,7.9656
15,56.1443,7.73997
15,62.2692,8.29241
15,27.5275,8.44724
15,36.2589,5.04467
15,39.0187,5.65462
15,30.0512,5.7511
15,32.6713,4.79449
15,25.0122,13.6699
15,26.4193,10.2875
15,24.688,15.265
15,43.5466,35.7044
15,55.8996,37.1925
15,48.6703,36.6704
15,45.9292,36.308
15,51.5329,36.8603
15,57.3422,37.4048
15,32.9451,28.6279
15,28.9535,24.2249
15,30.8641,26.3981
15,27.0832,21.8323
15,37.6769,32.7162
15,40.256,34.2968
15,35.2017,30.78
15,73.9211,11.5394
15,72.0407,10.6414
15,68.1575,9.35872
15,76.8046,13.4872
15,64.6284,4.64722
15,21.3581,19.755
15,38.6471,1.43257
15,49.9036,3.27578
15,57.6685,3.91377
15,54.199,3.6364
15,61.0305,4.21321
15,45.7867,2.80449
15,42.1959,2.14634
15,45.8586,2.81498
15,23.8882,6.6818
15,31.5569,1.04833
15,35.4772,1.03054
15,25.3515,4.66266
15,28.5239,1.8974
15,21.3562,12.0529
15,21.9722,10.3177
15,20.7377,16.3087
15,40.5693,38.919
15,29.6081,30.8557
15,24.9197,25.7733
15,27.2541,28.4103
15,22.8887,22.9413
15,34.5979,35.3375
15,38.0211,37.6309
15,32.0173,33.1851
15,75.4377,7.73528
15,71.1882,6.05374
15,68.4188,5.33114
15,77.4649,8.90934
15,43.5568,39.9544
15,46.728,40.514
15,51.642,40.8417
16,24.6257,22.01
16,65.659,8.80975
16,25.3433,19.0291
16,42.078,6.35206
16,53.0451,7.52887
16,45.3413,6.89183
16,49.0414,7.25058
16,45.2763,6.88365
16,59.0698,7.9656
16,56.1443,7.73997
16,62.2692,8.29241
16,27.5275,8.44724
16,36.2589,5.04467
16,39.0187,5.65462
16,30.0512,5.7511
16,32.6713,4.79449
16,25.0122,13.6699
16,26.4193,10.2875
16,24.688,15.265
16,43.5466,35.7044
16,55.8996,37.1925
16,48.6703,36.6704
16,45.9292,36.308
16,51.5329,36.8603
16,57.3422,37.4048
16,32.9451,28.6279
16,28.9535,24.2249
16,30.8641,26.3981
16,27.0832,21.8323
16,37.6769,32.7162
16,40.256,34.2968
16,35.2017,30.78
16,73.9211,11.5394
16,72.0407,10.6414
16,68.1575,9.35872
16,76.8046,13.4872
16,64.6284,4.64722
16,21.3581,19.755
16,38.6471,1.43257
16,49.9036,3.27578
16,57.6685,3.91377
16,54.199,3.6364
16,61.0305,4.21321
16,45.7867,2.80449
16,42.1959,2.14634
16,45.8586,2.81498
16,23.8882,6.6818
16,31.5569,1.04833
16,35.4772,1.03054
16,25.3515,4.66266
16,28.5239,1.8974
16,21.3562,12.0529
16,21.9722,10.3177
16,20.7377,16.3087
16,40.5693,38.919
16,29.6081,30.8557
16,24.9197,25.7733
16,27.2541,28.4103
16,22.8887,22.9413
16,34.5979,35.3375
16,38.0211,37.6309
16,32.0173,33.1851
16,75.4377,7.73528
16,71.1882,6.05374
16,68.4188,5.33114
16,77.4649,8.90934
16,43.5568,39.9544
16,46.728,40.514
16,51.642,40.8417
16,53.2812,40.9439
17,26.0868,23.9859
17,65.659,8.80975
17,25.3433,19.0291
17,42.078,6.35206
17,53.0451,7.52887
17,45.3413,6.89183
17,49.0414,7.25058
17,45.2763,6.88365
17,59.0698,7.9656
17,56.1443,7.73997
17,62.2692,8.29241
17,27.5275,8.44724
17,36.2589,5.04467
17,39.0187,5.65462
17,30.0512,5.7511
17,32.6713,4.79449
17,25.0122,13.6699
17,26.4193,10.2875
17,24.688,15.265
17,43.5466,35.7044
17,55.8996,37.1925
17,48.6703,36.6704
17,45.9292,36.308
17,51.5329,36.8603
17,57.3422,37.4048
17,32.9451,28.6279
17,28.9535,24.2249
17,30.8641,26.3981
17,27.0832,21.8323
17,37.6769,32.7162
17,40.256,34.2968
17,35.2017,30.78
17,73.9211,11.5394
17,72.0407,10.6414
17,68.1575,9.35872
17,76.8046,13.4872
17,64.6284,4.64722
17,21.3581,19.755
17,38.6471,1.43257
17,49.9036,3.27578
17,57.6685,3.91377
17,54.199,3.6364
17,61.0305,4.21321
17,45.7867,2.80449
17,42.1959,2.14634
17,45.8586,2.81498
17,23.8882,6.6818
17,31.5569,1.04833
17,35.4772,1.03054
17,25.3515,4.66266
17,28.5239,1.8974
17,21.3562,12.0529
17,21.9722,10.3177
17,20.7377,16.3087
17,40.5693,38.919
17,29.6081,30.8557
17,24.9197,25.7733
17,27.2541,28.4103
17,22.8887,22.9413
17,34.5979,35.3375
17,38.0211,37.6309
17,32.0173,33.1851
17,75.4377,7.73528
17,71.1882,6.05374
17,68.4188,5.33114
17,77.4649,8.90934
17,43.5568,39.9544
17,46.728,40.514
17,51.642,40.8417
17,53.2812,40.9439
18,27.8859,26.0474
18,65.659,8.80975
18,25.3433,19.0291
18,42.078,6.35206
18,53.0451,7.52887
18,45.3413,6.89183
18,49.0414,7.25058
18,45.2763,6.88365
18,59.0698,7.9656
18,56.1443,7.73997
18,62.2692,8.29241
18,27.5275,8.44724
18,36.2589,5.04467
18,39.0187,5.65462
18,30.0512,5.7511
18,32.6713,4.79449
18,25.0122,13.6699
18,26.4193,10.2875
18,24.688,15.265
18,43.5466,35.7044
18,55.8996,37.1925
18,48.6703,36.6704
18,45.9292,36.308
18,51.5329,36.8603
18,57.3422,37.4048
18,32.9451,28.6279
18,28.9535,24.2249
18,30.8641,26.3981
18,27.0832,21.8323
18,37.6769,32.7162
18,40.256,34.2968
18,35.2017,30.78
18,73.9211,11.5394
18,72.0407,10.6414
18,68.1575,9.35872
18,76.8046,13.4872
18,64.6284,4.64722
18,21.3581,19.755
18,38.6471,1.43257
18,49.9036,3.27578
18,57.6685,3.91377
18,54.199,3.6364
18,61.0305,4.21321
18,45.7867,2.80449
18,42.1959,2.14634
18,45.8586,2.81498
18,23.8882,6.6818
18,31.5569,1.04833
18,35.4772,1.03054
18,25.3515,4.66266
18,28.5239,1.8974
18,21.3562,12.0529
18,21.9722,10.3177
18,20.7377,16.3087
18,40.5693,38.919
18,29.6081,30.8557
18,24.9197,25.7733
18,27.2541,28.4103
18,22.8887,22.9413
18,34.5979,35.3375
18,38.0211,37.6309
18,32.0173,33.1851
18,75.4377,7.73528
18,71.1882,6.05374
18,68.4188,5.33114
18,77.4649,8.90934
18,43.5568,39.9544
18,46.728,40.514
18,51.642,40.8417
18,53.2812,40.9439
18,58.0262,41.6426
19,29.9806,28.2614
19,65.659,8.80975
19,25.3433,19.0291
19,42.078,6.35206
19,53.0451,7.52887
19,45.3413,6.89183
19,49.0414,7.25058
19,45.2763,6.88365
19,59.0698,7.9656
19,56.1443,7.73997
19,62.2692,8.29241
19,27.5275,8.44724
19,36.2589,5.04467
19,39.0187,5.65462
19,30.0512,5.7511
19,32.6713,4.79449
19,25.0122,13.6699
19,26.4193,10.2875
19,24.688,15.265
19,43.5466,35.7044
19,55.8996,37.1925
19,48.6703,36.6704
19,45.9292,36.308
19,51.5329,36.8603
19,57.3422,37.4048
19,32.9451,28.6279
19,28.9535,24.2249
19,30.8641,26.3981
19,27.0832,21.8323
19,37.6769,32.7162
19,40.256,34.2968
19,35.2017,30.78
19,73.9211,11.5394
19,72.0407,10.6414
19,68.1575,9.35872
19,76.8046,13.4872
19,64.6284,4.64722
19,21.3581,19.755
19,38.6471,1.43257
19,49.9036,3.27578
19,57.6685,3.91377
19,54.199,3.6364
19,61.0305,4.21321
19,45.7867,2.80449
19,42.1959,2.14634
19,45.8586,2.81498
19,23.8882,6.6818
19,31.5569,1.04833
19,35.4772,1.03054
19,25.3515,4.66266
19,28.5239,1.8974
19,21.3562,12.0529
19,21.9722,10.3177
19,20.7377,16.3087
19,40.5693,38.919
19,29.6081,30.8557
19,24.9197,25.7733
19,27.2541,28.4103
19,22.8887,22.9413
19,34.5979,35.3375
19,38.0211,37.6309
19,32.0173,33.1851
19,75.4377,7.73528
19,71.1882,6.05374
19,68.4188,5.33114
19,77.4649,8.90934
19,43.5568,39.9544
19,46.728,40.514
19,51.642,40.8417
19,53.2812,40.9439
19,58.0262,41.6426
19,61.4824,38.4602
19,61.4057,42.6937
20,32.0834,30.4394
20,65.659,8.80975
20,25.3433,19.0291
20,42.078,6.35206
20,53.0451,7.52887
20,45.3413,6.89183
20,49.0414,7.25058
20,45.2763,6.88365
20,59.0698,7.9656
20,56.1443,7.73997
20,62.2692,8.29241
20,27.5275,8.44724
20,36.2589,5.04467
20,39.0187,5.65462
20,30.0512,5.7511
20,32.6713,4.79449
20,25.0122,13.6699
20,26.4193,10.2875
20,24.688,15.265
20,43.5466,35.7044
20,55.8996,37.1925
20,48.6703,36.6704
20,45.9292,36.308
20,51.5329,36.8603
20,57.3422,37.4048
20,32.9451,28.6279
20,28.9535,24.2249
20,30.8641,26.3981
20,27.0832,21.8323
20,37.6769,32.7162
20,40.256,34.2968
20,35.2017,30.78
20,73.9211,11.5394
20,72.0407,10.6414
20,68.1575,9.35872
20,76.8046,13.4872
20,64.6284,4.64722
20,21.3581,19.755
20,38.6471,1.43257
20,49.9036,3.27578
20,57.6685,3.91377
20,54.199,3.6364
20,61.0305,4.21321
20,45.7867,2.80449
20,42.1959,2.14634
20,45.8586,2.81498
20,23.8882,6.6818
20,31.5569,1.04833
20,35.4772,1.03054
20,25.3515,4.66266
20,28.5239,1.8974
20,21.3562,12.0529
20,21.9722,10.3177
20,20.7377,16.3087
20,40.5693,38.919
20,29.6081,30.8557
20,24.9197,25.7733
20,27.2541,28.4103
20,22.8887,22.9413
20,34.5979,35.3375
20,38.0211,37.6309
20,32.0173,33.1851
20,75.4377,7.73528
20,71.1882,6.05374
20,68.4188,5.33114
20,77.4649,8.90934
20,43.5568,39.9544
20,46.728,40.514
20,51.642,40.8417
20,53.2812,40.9439
20,58.0262,41.6426
20,61.4824,38.4602
20,61.4057,42.6937
20,64.4098,39.6134
20,64.2182,43.9621
21,36.0046,34.0004
21,65.659,8.80975
21,25.3433,19.0291
21,42.078,6.35206
21,53.0451,7.52887
21,45.3413,6.89183
21,49.0414,7.25058
21,45.2763,6.88365
21,59.0698,7.9656
21,56.1443,7.73997
21,62.2692,8.29241
21,27.5275,8.44724
21,36.2589,5.04467
21,39.0187,5.65462
21,30.0512,5.7511
21,32.6713,4.79449
21,25.0122,13.6699
21,26.4193,10.2875
21,24.688,15.265
21,43.5466,35.7044
21,55.8996,37.1925
21,48.6703,36.6704
21,45.9292,36.308
21,51.5329,36.8603
21,57.3422,37.4048
21,32.9451,28.6279
21,28.9535,24.2249
21,30.8641,26.3981
21,27.0832,21.8323
21,37.6769,32.7162
21,40.256,34.2968
21,35.2017,30.78
21,73.9211,11.5394
21,72.0407,10.6414
21,68.1575,9.35872
21,76.8046,13.4872
21,64.6284,4.64722
21,21.3581,19.755
21,38.6471,1.43257
21,49.9036,3.27578
21,57.6685,3.91377
21,54.199,3.6364
21,61.0305,4.21321
21,45.7867,2.80449
21,42.1959,2.14634
21,45.8586,2.81498
21,23.8882,6.6818
21,31.5569,1.04833
21,35.4772,1.03054
21,25.3515,4.66266
21,28.5239,1.8974
21,21.3562,12.0529
21,21.9722,10.3177
21,20.7377,16.3087
21,40.5693,38.919
21,29.6081,30.8557
21,24.9197,25.7733
21,27.2541,28.4103
21,22.8887,22.9413
21,34.5979,35.3375
21,38.0211,37.6309
21,32.0173,33.1851
21,75.4377,7.73528
21,71.1882,6.05374
21,68.4188,5.33114
21,77.4649,8.90934
21,43.5568,39.9544
21,46.728,40.514
21,51.642,40.8417
21,53.2812,40.9439
21,58.0262,41.6426
21,61.4824,38.4602
21,61.4057,42.6937
21,64.4098,39.6134
21,64.2182,43.9621
21,69.0517,42.2189
21,66.8561,40.8564
21,66.7088,45.4378
22,39.6055,36.3154
22,65.659,8.80975
22,25.3433,19.0291
22,42.078,6.35206
22,53.0451,7.52887
22,45.3413,6.89183
22,49.0414,7.25058
22,45.2763,6.88365
22,59.0698,7.9656
22,56.1443,7.73997
22,62.2692,8.29241
22,27.5275,8.44724
22,36.2589,5.04467
22,39.0187,5.65462
22,30.0512,5.7511
22,32.6713,4.79449
22,25.0122,13.6699
22,26.4193,10.2875
22,24.688,15.265
22,43.5466,35.7044
22,55.8996,37.1925
22,48.6703,36.6704
22,45.9292,36.308
22,51.5329,36.8603
22,57.3422,37.4048
22,32.9451,28.6279
22,28.9535,24.2249
22,30.8641,26.3981
22,27.0832,21.8323
22,37.6769,32.7162
22,40.256,34.2968
22,35.2017,30.78
22,73.9211,11.5394
22,72.0407,10.6414
22,68.1575,9.35872
22,76.8046,13.4872
22,64.6284,4.64722
22,21.3581,19.755
22,38.6471,1.43257
22,49.9036,3.27578
22,57.6685,3.91377
22,54.199,3.6364
22,61.0305,4.21321
22,45.7867,2.80449
22,42.1959,2.14634
22,45.8586,2.81498
22,23.8882,6.6818
22,31.5569,1.04833
22,35.4772,1.03054
22,25.3515,4.66266
22,28.5239,1.8974
22,21.3562,12.0529
22,21.9722,10.3177
22,20.7377,16.3087
22,40.5693,38.919
22,29.6081,30.8557
22,24.9197,25.7733
22,27.2541,28.4103
22,22.8887,22.9413
22,34.5979,35.3375
22,38.0211,37.6309
22,32.0173,33.1851
22,75.4377,7.73528
22,71.1882,6.05374
22,68.4188,5.33114
22,77.4649,8.90934
22,43.5568,39.9544
22,46.728,40.514
22,51.642,40.8417
22,53.2812,40.9439
22,58.0262,41.6426
22,61.4824,38.4602
22,61.4057,42.6937
22,64.4098,39.6134
22,64.2182,43.9621
22,69.0517,42.2189
22,66.8561,40.8564
22,66.7088,45.4378
22,71.8468,44.3588
22,69.7967,47.8604
23,42.9888,37.6738
23,65.659,8.80975
23,25.3433,19.0291
23,42.078,6.35206
23,53.0451,7.52887
23,45.3413,6.89183
23,49.0414,7.25058
23,45.2763,6.88365
23,59.0698,7.9656
23,56.1443,7.73997
23,62.2692,8.29241
23,27.5275,8.44724
23,36.2589,5.04467
23,39.0187,5.65462
23,30.0512,5.7511
23,32.6713,4.79449
23,25.0122,13.6699
23,26.4193,10.2875
23,24.688,15.265
23,43.5466,35.7044
23,55.8996,37.1925
23,48.6703,36.6704
23,45.9292,36.308
23,51.5329,36.8603
23,57.3422,37.4048
23,32.9451,28.6279
23,28.9535,24.2249
23,30.8641,26.3981
23,27.0832,21.8323
23,37.6769,32.7162
23,40.256,34.2968
23,35.2017,30.78
23,73.9211,11.5394
23,72.0407,10.6414
23,68.1575,9.35872
23,76.8046,13.4872
23,64.6284,4.64722
23,21.3581,19.755
23,38.6471,1.43257
23,49.9036,3.27578
23,57.6685,3.91377
23,54.199,3.6364
23,61.0305,4.21321
23,45.7867,2.80449
23,42.1959,2.14634
23,45.8586,2.81498
23,23.8882,6.6818
23,31.5569,1.04833
23,35.4772,1.03054
23,25.3515,4.66266
23,28.5239,1.8974
23,21.3562,12.0529
23,21.9722,10.3177
23,20.7377,16.3087
23,40.5693,38.919
23,29.6081,30.8557
23,24.9197,25.7733
23,27.2541,28.4103
23,22.8887,22.9413
23,34.5979,35.3375
23,38.0211,37.6309
23,32.0173,33.1851
23,75.4377,7.73528
23,71.1882,6.05374
23,68.4188,5.33114
23,77.4649,8.90934
23,43.5568,39.9544
23,46.728,40.514
23,51.642,40.8417
23,53.2812,40.9439
23,58.0262,41.6426
23,61.4824,38.4602
23,61.4057,42.6937
23,64.4098,39.6134
23,64.2182,43.9621
23,69.0517,42.2189
23,66.8561,40.8564
23,66.7088,45.4378
23,71.8468,44.3588
23,69.7967,47.8604
23,74.0859,46.4378
23,75.9634,48.4392
23,72.2292,50.2896
23,74.2898,52.6731
24,46.2575,38.3648
24,65.659,8.80975
24,25.3433,19.0291
24,42.078,6.35206
24,53.0451,7.52887
24,45.3413,6.89183
24,49.0414,7.25058
24,45.2763,6.88365
24,59.0698,7.9656
24,56.1443,7.73997
24,62.2692,8.29241
24,27.5275,8.44724
24,36.2589,5.04467
24,39.0187,5.65462
24,30.0512,5.7511
24,32.6713,4.79449
24,25.0122,13.6699
24,26.4193,10.2875
24,24.688,15.265
24,43.5466,35.7044
24,55.8996,37.1925
24,48.6703,36.6704
24,45.9292,36.308
24,51.5329,36.8603
24,57.3422,37.4048
24,32.9451,28.6279
24,28.9535,24.2249
24,30.8641,26.3981
24,27.0832,21.8323
24,37.6769,32.7162
24,40.256,34.2968
24,35.2017,30.78
24,73.9211,11.5394
24,72.0407,10.6414
24,68.1575,9.35872
24,76.8046,13.4872
24,64.6284,4.64722
24,21.3581,19.755
24,38.6471,1.43257
24,49.9036,3.27578
24,57.6685,3.91377
24,54.199,3.6364
24,61.0305,4.21321
24,45.7867,2.80449
24,42.1959,2.14634
24,45.8586,2.81498
24,23.8882,6.6818
24,31.5569,1.04833
24,35.4772,1.03054
24,25.3515,4.66266
24,28.5239,1.8974
24,21.3562,12.0529
24,21.9722,10.3177
24,20.7377,16.3087
24,40.5693,38.919
24,29.6081,30.8557
24,24.9197,25.7733
24,27.2541,28.4103
24,22.8887,22.9413
24,34.5979,35.3375
24,38.0211,37.6309
24,32.0173,33.1851
24,75.4377,7.73528
24,71.1882,6.05374
24,68.4188,5.33114
24,77.4649,8.90934
24,43.5568,39.9544
24,46.728,40.514
24,51.642,40.8417
24,53.2812,40.9439
24,58.0262,41.6426
24,61.4824,38.4602
24,61.4057,42.6937
24,64.4098,39.6134
24,64.2182,43.9621
24,69.0517,42.2189
24,66.8561,40.8564
24,66.7088,45.4378
24,71.8468,44.3588
24,69.7967,47.8604
24,74.0859,46.4378
24,75.9634,48.4392
24,72.2292,50.2896
24,74.2898,52.6731
24,77.9777,50.8338
24,76.593,55.544
25,49.5142,38.6777
25,65.659,8.80975
25,25.3433,19.0291
25,42.078,6.35206
25,53.0451,7.52887
25,45.3413,6.89183
25,49.0414,7.25058
25,45.2763,6.88365
25,59.0698,7.9656
25,56.1443,7.73997
25,62.2692,8.29241
25,27.5275,8.44724
25,36.2589,5.04467
25,39.0187,5.65462
25,30.0512,5.7511
25,32.6713,4.79449
25,25.0122,13.6699
25,26.4193,10.2875
25,24.688,15.265
25,43.5466,35.7044
25,55.8996,37.1925
25,48.6703,36.6704
25,45.9292,36.308
25,51.5329,36.8603
25,57.3422,37.4048
25,32.9451,28.6279
25,28.9535,24.2249
25,30.8641,26.3981
25,27.0832,21.8323
25,37.6769,32.7162
25,40.256,34.2968
25,35.2017,30.78
25,73.9211,11.5394
25,72.0407,10.6414
25,68.1575,9.35872
25,76.8046,13.4872
25,64.6284,4.64722
25,21.3581,19.755
25,38.6471,1.43257
25,49.9036,3.27578
25,57.6685,3.91377
25,54.199,3.6364
25,61.0305,4.21321
25,45.7867,2.80449
25,42.1959,2.14634
25,45.8586,2.81498
25,23.8882,6.6818
25,31.5569,1.04833
25,35.4772,1.03054
25,25.3515,4.66266
25,28.5239,1.8974
25,21.3562,12.0529
25,21.9722,10.3177
25,20.7377,16.3087
25,40.5693,38.919
25,29.6081,30.8557
25,24.9197,25.7733
25,27.2541,28.4103
25,22.8887,22.9413
25,34.5979,35.3375
25,38.0211,37.6309
25,32.0173,33.1851
25,75.4377,7.73528
25,71.1882,6.05374
25,68.4188,5.33114
25,77.4649,8.90934
25,43.5568,39.9544
25,46.728,40.514
25,51.642,40.8417
25,53.2812,40.9439
25,58.0262,41.6426
25,61.4824,38.4602
25,61.4057,42.6937
25,64.4098,39.6134
25,64.2182,43.9621
25,69.0517,42.2189
25,66.8561,40.8564
25,66.7088,45.4378
25,71.8468,44.3588
25,69.7967,47.8604
25,74.0859,46.4378
25,75.9634,48.4392
25,72.2292,50.2896
25,74.2898,52.6731
25,77.9777,50.8338
25,76.593,55.544
25,79.867,53.2126
26,52.8617,38.9018
26,65.659,8.80975
26,25.3433,19.0291
26,42.078,6.35206
26,53.0451,7.52887
26,45.3413,6.89183
26,49.0414,7.25058
26,45.2763,6.88365
26,59.0698,7.9656
26,56.1443,7.73997
26,62.2692,8.29241
26,27.5275,8.44724
26,36.2589,5.04467
26,39.0187,5.65462
26,30.0512,5.7511
26,32.6713,4.79449
26,25.0122,13.6699
26,26.4193,10.2875
26,24.688,15.265
26,43.5466,35.7044
26,55.8996,37.1925
26,48.6703,36.6704
26,45.9292,36.308
26,51.5329,36.8603
26,57.3422,37.4048
26,32.9451,28.6279
26,28.9535,24.2249
26,30.8641,26.3981
26,27.0832,21.8323
26,37.6769,32.7162
26,40.256,34.2968
26,35.2017,30.78
26,73.9211,11.5394
26,72.0407,10.6414
26,68.1575,9.35872
26,76.8046,13.4872
26,64.6284,4.64722
26,21.3581,19.755
26,38.6471,1.43257
26,49.9036,3.27578
26,57.6685,3.91377
26,54.199,3.6364
26,61.0305,4.21321
26,45.7867,2.80449
26,42.1959,2.14634
26,45.8586,2.81498
26,23.8882,6.6818
26,31.5569,1.04833
26,35.4772,1.03054
26,25.3515,4.66266
26,28.5239,1.8974
26,21.3562,12.0529
26,21.9722,10.3177
26,20.7377,16.3087
26,40.5693,38.919
26,29.6081,30.8557
26,24.9197,25.7733
26,27.2541,28.4103
26,22.8887,22.9413
26,34.5979,35.3375
26,38.0211,37.6309
26,32.0173,33.1851
26,75.4377,7.73528
26,71.1882,6.05374
26,68.4188,5.33114
26,77.4649,8.90934
26,43.5568,39.9544
26,46.728,40.514
26,51.642,40.8417
26,53.2812,40.9439
26,58.0262,41.6426
26,61.4824,38.4602
26,61.4057,42.6937
26,64.4098,39.6134
26,64.2182,43.9621
26,69.0517,42.2189
26,66.8561,40.8564
26,66.7088,45.4378
26,71.8468,44.3588
26,69.7967,47.8604
26,74.0859,46.4378
26,75.9634,48.4392
26,72.2292,50.2896
26,74.2898,52.6731
26,77.9777,50.8338
26,76.593,55.544
26,79.867,53.2126
26,87.1977,42.684
26,85.5305,30.845
26,85.3471,37.1885
26,85.0106,33.9329
26,86.039,39.732
26,82.0756,55.4443
26,78.972,58.0465
27,56.403,39.3264
27,65.659,8.80975
27,25.3433,19.0291
27,42.078,6.35206
27,53.0451,7.52887
27,45.3413,6.89183
27,49.0414,7.25058
27,45.2763,6.88365
27,59.0698,7.9656
27,56.1443,7.73997
27,62.2692,8.29241
27,27.5275,8.44724
27,36.2589,5.04467
27,39.0187,5.65462
27,30.0512,5.7511
27,32.6713,4.79449
27,25.0122,13.6699
27,26.4193,10.2875
27,24.688,15.265
27,43.5466,35.7044
27,55.8996,37.1925
27,48.6703,36.6704
27,45.9292,36.308
27,51.5329,36.8603
27,57.3422,37.4048
27,32.9451,28.6279
27,28.9535,24.2249
27,30.8641,26.3981
27,27.0832,21.8323
27,37.6769,32.7162
27,40.256,34.2968
27,35.2017,30.78
27,73.9211,11.5394
27,72.0407,10.6414
27,68.1575,9.35872
27,76.8046,13.4872
27,64.6284,4.64722
27,21.3581,19.755
27,38.6471,1.43257
27,49.9036,3.27578
27,57.6685,3.91377
27,54.199,3.6364
27,61.0305,4.21321
27,45.7867,2.80449
27,42.1959,2.14634
27,45.8586,2.81498
27,23.8882,6.6818
27,31.5569,1.04833
27,35.4772,1.03054
27,25.3515,4.66266
27,28.5239,1.8974
27,21.3562,12.0529
27,21.9722,10.3177
27,20.7377,16.3087
27,40.5693,38.919
27,29.6081,30.8557
27,24.9197,25.7733
27,27.2541,28.4103
27,22.8887,22.9413
27,34.5979,35.3375
27,38.0211,37.6309
27,32.0173,33.1851
27,75.4377,7.73528
27,71.1882,6.05374
27,68.4188,5.33114
27,77.4649,8.90934
27,43.5568,39.9544
27,46.728,40.514
27,51.642,40.8417
27,53.2812,40.9439
27,58.0262,41.6426
27,61.4824,38.4602
27,61.4057,42.6937
27,64.4098,39.6134
27,64.2182,43.9621
27,69.0517,42.2189
27,66.8561,40.8564
27,66.7088,45.4378
27,71.8468,44.3588
27,69.7967,47.8604
27,74.0859,46.4378
27,75.9634,48.4392
27,72.2292,50.2896
27,74.2898,52.6731
27,77.9777,50.8338
27,76.593,55.544
27,79.867,53.2126
27,87.1977,42.684
27,85.5305,30.845
27,85.3471,37.1885
27,85.0106,33.9329
27,86.039,39.732
27,82.0756,55.4443
27,78.972,58.0465
27,82.9565,20.2787
27,78.9118,15.4629
27,80.6178,17.3766
27,86.1922,25.0863
27,84.6888,22.4868
27,86.4091,27.7199
27,84.738,57.4478
27,88.4088,45.1662
27,89.125,35.1337
27,91.0072,41.4447
27,89.833,38.7094
27,89.4742,31.6558
27,81.6261,60.0002
28,60.2407,40.2408
28,65.659,8.80975
28,25.3433,19.0291
28,42.078,6.35206
28,53.0451,7.52887
28,45.3413,6.89183
28,49.0414,7.25058
28,45.2763,6.88365
28,59.0698,7.9656
28,56.1443,7.73997
28,62.2692,8.29241
28,27.5275,8.44724
28,36.2589,5.04467
28,39.0187,5.65462
28,30.0512,5.7511
28,32.6713,4.79449
28,25.0122,13.6699
28,26.4193,10.2875
28,24.688,15.265
28,43.5466,35.7044
28,55.8996,37.1925
28,48.6703,36.6704
28,45.9292,36.308
28,51.5329,36.8603
28,57.3422,37.4048
28,32.9451,28.6279
28,28.9535,24.2249
28,30.8641,26.3981
28,27.0832,21.8323
28,37.6769,32.7162
28,40.256,34.2968
28,35.2017,30.78
28,73.9211,11.5394
28,72.0407,10.6414
28,68.1575,9.35872
28,76.8046,13.4872
28,64.6284,4.64722
28,21.3581,19.755
28,38.6471,1.43257
28,49.9036,3.27578
28,57.6685,3.91377
28,54.199,3.6364
28,61.0305,4.21321
28,45.7867,2.80449
28,42.1959,2.14634
28,45.8586,2.81498
28,23.8882,6.6818
28,31.5569,1.04833
28,35.4772,1.03054
28,25.3515,4.66266
28,28.5239,1.8974
28,21.3562,12.0529
28,21.9722,10.3177
28,20.7377,16.3087
28,40.5693,38.919
28,29.6081,30.8557
28,24.9197,25.7733
28,27.2541,28.4103
28,22.8887,22.9413
28,34.5979,35.3375
28,38.0211,37.6309
28,32.0173,33.1851
28,75.4377,7.73528
28,71.1882,6.05374
28,68.4188,5.33114
28,77.4649,8.90934
28,43.5568,39.9544
28,46.728,40.514
28,51.642,40.8417
28,53.2812,40.9439
28,58.0262,41.6426
28,61.4824,38.4602
28,61.4057,42.6937
28,64.4098,39.6134
28,64.2182,43.9621
28,69.0517,42.2189
28,66.8561,40.8564
28,66.7088,45.4378
28,71.8468,44.3588
28,69.7967,47.8604
28,74.0859,46.4378
28,75.9634,48.4392
28,72.2292,50.2896
28,74.2898,52.6731
28,77.9777,50.8338
28,76.593,55.544
28,79.867,53.2126
28,87.1977,42.684
28,85.5305,30.845
28,85.3471,37.1885
28,85.0106,33.9329
28,86.039,39.732
28,82.0756,55.4443
28,78.972,58.0465
28,82.9565,20.2787
28,78.9118,15.4629
28,80.6178,17.3766
28,86.1922,25.0863
28,84.6888,22.4868
28,86.4091,27.7199
28,84.738,57.4478
28,88.4088,45.1662
28,89.125,35.1337
28,91.0072,41.4447
28,89.833,38.7094
28,89.4742,31.6558
28,81.6261,60.0002
28,86.8455,59.2604
28,90.3859,48.4759
28,92.3957,51.3773
28,89.0648,21.8803
28,84.7044,16.0969
28,82.8349,13.8308
28,87.2874,19.3961
28,92.7135,44.5699
28,90.3225,28.0469
28,90.3423,24.942
28,84.549,62.4853
28,94.4009,47.2505
29,64.4777,41.9342
29,65.659,8.80975
29,25.3433,19.0291
29,42.078,6.35206
29,53.0451,7.52887
29,45.3413,6.89183
29,49.0414,7.25058
29,45.2763,6.88365
29,59.0698,7.9656
29,56.1443,7.73997
29,62.2692,8.29241
29,27.5275,8.44724
29,36.2589,5.04467
29,39.0187,5.65462
29,30.0512,5.7511
29,32.6713,4.79449
29,25.0122,13.6699
29,26.4193,10.2875
29,24.688,15.265
29,43.5466,35.7044
29,55.8996,37.1925
29,48.6703,36.6704
29,45.9292,36.308
29,51.5329,36.8603
29,57.3422,37.4048
29,32.9451,28.6279
29,28.9535,24.2249
29,30.8641,26.3981
29,27.0832,21.8323
29,37.6769,32.7162
29,40.256,34.2968
29,35.2017,30.78
29,73.9211,11.5394
29,72.0407,10.6414
29,68.1575,9.35872
29,76.8046,13.4872
29,64.6284,4.64722
29,21.3581,19.755
29,38.6471,1.43257
29,49.9036,3.27578
29,57.6685,3.91377
29,54.199,3.6364
29,61.0305,4.21321
29,45.7867,2.80449
29,42.1959,2.14634
29,45.8586,2.81498
29,23.8882,6.6818
29,31.5569,1.04833
29,35.4772,1.03054
29,25.3515,4.66266
29,28.5239,1.8974
29,21.3562,12.0529
29,21.9722,10.3177
29,20.7377,16.3087
29,40.5693,38.919
29,29.6081,30.8557
29,24.9197,25.7733
29,27.2541,28.4103
29,22.8887,22.9413
29,34.5979,35.3375
29,38.0211,37.6309
29,32.0173,33.1851
29,75.4377,7.73528
29,71.1882,6.05374
29,68.4188,5.33114
29,77.4649,8.90934
29,43.5568,39.9544
29,46.728,40.514
29,51.642,40.8417
29,53.2812,40.9439
29,58.0262,41.6426
29,61.4824,38.4602
29,61.4057,42.6937
29,64.4098,39.6134
29,64.2182,43.9621
29,69.0517,42.2189
29,66.8561,40.8564
29,66.7088,45.4378
29,71.8468,44.3588
29,69.7967,47.8604
29,74.0859,46.4378
29,75.9634,48.4392
29,72.2292,50.2896
29,74.2898,52.6731
29,77.9777,50.8338
29,76.593,55.544
29,79.867,53.2126
29,87.1977,42.684
29,85.5305,30.845
29,85.3471,37.1885
29,85.0106,33.9329
29,86.039,39.732
29,82.0756,55.4443
29,78.972,58.0465
29,82.9565,20.2787
29,78.9118,15.4629
29,80.6178,17.3766
29,86.1922,25.0863
29,84.6888,22.4868
29,86.4091,27.7199
29,84.738,57.4478
29,88.4088,45.1662
29,89.125,35.1337
29,91.0072,41.4447
29,89.833,38.7094
29,89.4742,31.6558
29,81.6261,60.0002
29,86.8455,59.2604
29,90.3859,48.4759
29,92.3957,51.3773
29,89.0648,21.8803
29,84.7044,16.0969
29,82.8349,13.8308
29,87.2874,19.3961
29,92.7135,44.5699
29,90.3225,28.0469
29,90.3423,24.942
29,84.549,62.4853
29,94.4009,47.2505
29,93.3308,53.1807
29,92.116,58.9894
29,89.8111,60.3396
29,93.7121,55.6604
29,80.5509,11.4081
29,87.2047,64.1048
29,96.7126,51.0564
29,90.9236,64.198
30,68.7173,44.3635
30,65.659,8.80975
30,25.3433,19.0291
30,42.078,6.35206
30,53.0451,7.52887
30,45.3413,6.89183
30,49.0414,7.25058
30,45.2763,6.88365
30,59.0698,7.9656
30,56.1443,7.73997
30,62.2692,8.29241
30,27.5275,8.44724
30,36.2589,5.04467
30,39.0187,5.65462
30,30.0512,5.7511
30,32.6713,4.79449
30,25.0122,13.6699
30,26.4193,10.2875
30,24.688,15.265
30,43.5466,35.7044
30,55.8996,37.1925
30,48.6703,36.6704
30,45.9292,36.308
30,51.5329,36.8603
30,57.3422,37.4048
30,32.9451,28.6279
30,28.9535,24.2249
30,30.8641,26.3981
30,27.0832,21.8323
30,37.6769,32.7162
30,40.256,34.2968
30,35.2017,30.78
30,73.9211,11.5394
30,72.0407,10.6414
30,68.1575,9.35872
30,76.8046,13.4872
30,64.6284,4.64722
30,21.3581,19.755
30,38.6471,1.43257
30,49.9036,3.27578
30,57.6685,3.91377
30,54.199,3.6364
30,61.0305,4.21321
30,45.7867,2.80449
30,42.1959,2.14634
30,45.8586,2.81498
30,23.8882,6.6818
30,31.5569,1.04833
30,35.4772,1.03054
30,25.3515,4.66266
30,28.5239,1.8974
30,21.3562,12.0529
30,21.9722,10.3177
30,20.7377,16.3087
30,40.5693,38.919
30,29.6081,30.8557
30,24.9197,25.7733
30,27.2541,28.4103
30,22.8887,22.9413
30,34.5979,35.3375
30,38.0211,37.6309
30,32.0173,33.1851
30,75.4377,7.73528
30,71.1882,6.05374
30,68.4188,5.33114
30,77.4649,8.90934
30,43.5568,39.9544
30,46.728,40.514
30,51.642,40.8417
30,53.2812,40.9439
30,58.0262,41.6426
30,61.4824,38.4602
30,61.4057,42.6937
30,64.4098,39.6134
30,64.2182,43.9621
30,69.0517,42.2189
30,66.8561,40.8564
30,66.7088,45.4378
30,71.8468,44.3588
30,69.7967,47.8604
30,74.0859,46.4378
30,75.9634,48.4392
30,72.2292,50.2896
30,74.2898,52.6731
30,77.9777,50.8338
30,76.593,55.544
30,79.867,53.2126
30,87.1977,42.684
30,85.5305,30.845
30,85.3471,37.1885
30,85.0106,33.9329
30,86.039,39.732
30,82.0756,55.4443
30,78.972,58.0465
30,82.9565,20.2787
30,78.9118,15.4629
30,80.6178,17.3766
30,86.1922,25.0863
30,84.6888,22.4868
30,86.4091,27.7199
30,84.738,57.4478
30,88.4088,45.1662
30,89.125,35.1337
30,91.0072,41.4447
30,89.833,38.7094
30,89.4742,31.6558
30,81.6261,60.0002
30,86.8455,59.2604
30,90.3859,48.4759
30,92.3957,51.3773
30,89.0648,21.8803
30,84.7044,16.0969
30,82.8349,13.8308
30,87.2874,19.3961
30,92.7135,44.5699
30,90.3225,28.0469
30,90.3423,24.942
30,84.549,62.4853
30,94.4009,47.2505
30,93.3308,53.1807
30,92.116,58.9894
30,89.8111,60.3396
30,93.7121,55.6604
30,80.5509,11.4081
30,87.2047,64.1048
30,96.7126,51.0564
30,90.9236,64.198
30,97.6083,56.8607
30,97.7475,54.622
30,93.6839,62.8487
30,96.5776,59.658
